sku,Staples,Office Depot,Amazon
1590,Y,N,Y
2356,Y,N,Y
4056,Y,N,Y
4058,Y,N,Y
4170,Y,N,Y
7535,Y,N,Y
7716,Y,N,Y
7773,Y,N,Y
9687,Y,N,Y
10686,Y,N,Y
10902,Y,N,Y
10928,Y,N,Y
10936,Y,N,Y
10969,Y,N,Y
11009,Y,N,Y
11499,Y,N,Y
11816,Y,N,Y
11824,Y,N,Y
14257,Y,N,Y
16162,Y,N,Y
17318,Y,N,N
17330,Y,N,Y
17855,Y,N,Y
17871,Y,N,Y
20446,Y,N,Y
20578,Y,N,Y
20677,Y,N,Y
20743,Y,N,Y
22663,Y,N,Y
25552,Y,N,Y
27418,Y,N,Y
27419,Y,N,Y
28749,Y,N,Y
28791,Y,N,Y
28815,Y,N,Y
28817,Y,N,Y
28830,Y,N,Y
30858,Y,N,Y
31352,Y,N,Y
34073,Y,N,Y
35548,Y,N,Y
41319,Y,N,Y
41779,Y,N,Y
57883,Y,N,Y
60190,Y,N,Y
61549,Y,N,Y
63224,Y,N,Y
65797,Y,N,Y
65888,Y,N,Y
65904,Y,N,Y
65912,Y,N,Y
65920,Y,N,Y
65938,Y,N,Y
67146,Y,N,Y
67153,Y,N,Y
67211,Y,N,Y
67229,Y,N,Y
72652,Y,N,Y
72660,Y,N,Y
72686,Y,N,Y
72694,Y,N,Y
72771,Y,N,Y
72924,Y,N,Y
72940,Y,N,Y
72957,Y,N,Y
72965,Y,N,Y
72973,Y,N,Y
72991,Y,N,Y
73015,Y,N,Y
73031,Y,N,Y
73056,Y,N,Y
73072,Y,N,Y
73098,Y,N,Y
73234,Y,N,Y
73354,Y,N,Y
73854,Y,N,Y
75399,Y,N,N
75423,Y,N,Y
75472,Y,N,Y
75498,Y,N,N
75530,Y,N,Y
75571,Y,N,N
76104,Y,N,Y
76245,Y,N,Y
77137,Y,N,Y
78060,Y,N,Y
78650,Y,N,Y
79152,Y,N,Y
81608,Y,N,Y
82964,Y,N,Y
85739,Y,N,Y
85923,Y,N,Y
86272,Y,N,Y
87133,Y,N,Y
87348,Y,N,Y
87501,Y,N,Y
87733,Y,N,Y
87907,Y,N,Y
87915,Y,N,Y
87923,Y,N,Y
87949,Y,N,Y
88249,Y,N,Y
88982,Y,N,Y
89129,Y,N,Y
89150,Y,N,Y
90417,Y,N,Y
91867,Y,N,Y
92532,Y,N,Y
92908,Y,N,Y
92938,Y,N,Y
93404,Y,N,Y
93770,Y,N,Y
94623,Y,N,Y
99966,Y,N,Y
726781,Y,N,Y
1218-C-10,Y,N,Y
1218-C-11,Y,N,Y
1218-C-12,Y,N,Y
1218-C-13,Y,N,Y
1218-C-14,Y,N,Y
1218-C-15,Y,N,Y
1218-C-17,Y,N,Y
1218-C-18,Y,N,Y
1218-C-22,Y,N,Y
1218-C-23,Y,N,Y
1218-C-57,Y,N,N
1218-C-60,Y,N,Y
1218-C-61,Y,N,Y
1218-C-79,Y,N,Y
1218-C-83,Y,N,Y
1218-C-87,Y,N,Y
1218-C-B,Y,N,Y
1218-C-M02,Y,N,Y
1218-C-M04,Y,N,Y
1218-C-M05,Y,N,Y
1218-C-M06,Y,N,Y
1218-C-M07,Y,N,Y
1218-C-M08,Y,N,Y
1218-C-M22,Y,N,Y
1218-C-M27,Y,N,Y
1218-C-M36,Y,N,Y
1218-C-M38,Y,N,Y
1218-C-M40,Y,N,Y
1218-C-M49,Y,N,Y
1218-C-M50,Y,N,Y
1218-C-M75,Y,N,Y
1218-C-M77,Y,N,Y
1218-C-M89,Y,N,Y
1218-C-NLI,Y,N,Y
1218-C-WLI,Y,N,Y
1218-P-10,Y,N,Y
1218-P-11,Y,N,Y
1218-P-12,Y,N,Y
1218-P-13,Y,N,Y
1218-P-14,Y,N,Y
1218-P-15,Y,N,Y
1218-P-17,Y,N,Y
1218-P-18,Y,N,Y
1218-P-22,Y,N,Y
1218-P-23,Y,N,Y
1218-P-61,Y,N,Y
1218-P-79,Y,N,Y
1218-P-83,Y,N,Y
1218-P-88,Y,N,Y
1218-P-B,Y,N,Y
1218-P-M02,Y,N,Y
1218-P-M04,Y,N,Y
1218-P-M05,Y,N,Y
1218-P-M06,Y,N,Y
1218-P-M07,Y,N,Y
1218-P-M08,Y,N,Y
1218-P-M22,Y,N,Y
1218-P-M27,Y,N,Y
1218-P-M35,Y,N,Y
1218-P-M36,Y,N,Y
1218-P-M38,Y,N,Y
1218-P-M40,Y,N,Y
1218-P-M49,Y,N,Y
1218-P-M50,Y,N,Y
1218-P-M75,Y,N,Y
1218-P-M77,Y,N,Y
1218-P-M89,Y,N,Y
1218-P-NLI,Y,N,Y
1218-P-WLI,Y,N,Y
1319-C-10,Y,N,Y
1319-C-11,Y,N,Y
1319-C-12,Y,N,Y
1319-C-13,Y,N,Y
1319-C-14,Y,N,Y
1319-C-15,Y,N,Y
1319-C-17,Y,N,Y
1319-C-18,Y,N,Y
1319-C-22,Y,N,Y
1319-C-23,Y,N,Y
1319-C-57,Y,N,Y
1319-C-61,Y,N,Y
1319-C-79,Y,N,Y
1319-C-83,Y,N,Y
1319-C-87,Y,N,Y
1319-C-B,Y,N,Y
1319-C-M02,Y,N,Y
1319-C-M04,Y,N,Y
1319-C-M05,Y,N,Y
1319-C-M06,Y,N,Y
1319-C-M07,Y,N,Y
1319-C-M08,Y,N,Y
1319-C-M22,Y,N,Y
1319-C-M27,Y,N,Y
1319-C-M36,Y,N,Y
1319-C-M38,Y,N,Y
1319-C-M40,Y,N,Y
1319-C-M49,Y,N,Y
1319-C-M50,Y,N,Y
1319-C-M75,Y,N,Y
1319-C-M77,Y,N,Y
1319-C-M89,Y,N,Y
1319-C-NLI,Y,N,Y
1319-C-WLI,Y,N,Y
1319-P-10,Y,N,Y
1319-P-11,Y,N,Y
1319-P-12,Y,N,Y
1319-P-13,Y,N,Y
1319-P-14,Y,N,Y
1319-P-15,Y,N,Y
1319-P-17,Y,N,Y
1319-P-18,Y,N,Y
1319-P-22,Y,N,Y
1319-P-23,Y,N,Y
1319-P-61,Y,N,Y
1319-P-79,Y,N,Y
1319-P-83,Y,N,Y
1319-P-88,Y,N,Y
1319-P-B,Y,N,Y
1319-P-M02,Y,N,Y
1319-P-M04,Y,N,Y
1319-P-M05,Y,N,Y
1319-P-M06,Y,N,Y
1319-P-M07,Y,N,Y
1319-P-M08,Y,N,Y
1319-P-M22,Y,N,Y
1319-P-M27,Y,N,Y
1319-P-M36,Y,N,Y
1319-P-M38,Y,N,Y
1319-P-M40,Y,N,Y
1319-P-M49,Y,N,Y
1319-P-M50,Y,N,Y
1319-P-M75,Y,N,Y
1319-P-M77,Y,N,Y
1319-P-M89,Y,N,Y
1319-P-NLI,Y,N,Y
1319-P-WLI,Y,N,Y
1644-BLI,Y,N,Y
1644-NLI,Y,N,Y
1644-WLI,Y,N,Y
1801-GB,Y,N,Y
1801-W,Y,N,Y
1840-30,Y,N,Y
1840-B,Y,N,Y
1840-NPC,Y,N,Y
1840-WPC,Y,N,Y
1855-30,Y,N,Y
1855-B,Y,N,Y
1855-NPC,Y,N,Y
1855-WPC,Y,N,Y
1865-30,Y,N,Y
1865-B,Y,N,Y
1865-GB,Y,N,Y
1865-NPC,Y,N,Y
1870-30,Y,N,Y
1870-B,Y,N,Y
1870-GB,Y,N,Y
1870-NPC,Y,N,Y
1870-WPC,Y,N,Y
1872-30,Y,N,Y
1872-B,Y,N,Y
1872-GB,Y,N,Y
1872-NPC,Y,N,Y
1872-WPC,Y,N,Y
1875-30,Y,N,Y
1875-B,Y,N,Y
1875-GB,Y,N,Y
1875-NPC,Y,N,Y
1875-WPC,Y,N,Y
1880-30,Y,N,Y
1880-B,Y,N,Y
1880-GB,Y,N,Y
1880-NPC,Y,N,Y
1880-WPC,Y,N,Y
1895-B,Y,N,Y
1895-GB,Y,N,Y
1895-NPC,Y,N,Y
1895-WPC,Y,N,Y
1COBLK,Y,N,Y
1COGB,Y,N,Y
1COGLD,Y,N,Y
1COSIL,Y,N,Y
4260-12,Y,N,Y
4260-14,Y,N,Y
4260-15,Y,N,Y
4260-16,Y,N,Y
4260-18,Y,N,Y
4260-20,Y,N,Y
4260-21,Y,N,Y
4260-22,Y,N,Y
4261-12,Y,N,Y
4261-14,Y,N,Y
4261-15,Y,N,Y
4261-18,Y,N,Y
4261-20,Y,N,Y
4261-22,Y,N,Y
4820-BLI,Y,N,Y
4820-NLI,Y,N,Y
4820-WLI,Y,N,Y
4855-NLI,Y,N,Y
4855-NPC,Y,N,Y
4855-WLI,Y,N,Y
4860-70W,Y,N,Y
4860-GB,Y,N,Y
4860-NLI,Y,N,Y
4860-NPC,Y,N,Y
4860-SW,Y,N,Y
4860-WGB,Y,N,Y
4860-WLI,Y,N,Y
4865-BLI,Y,N,Y
4865-GB,Y,N,Y
4865-NLI,Y,N,Y
4865-NPC,Y,N,Y
4865-SN,Y,N,Y
4865-SW,Y,N,Y
4865-W,Y,N,Y
4865-WLI,Y,N,Y
4865-WPC,Y,N,Y
4865-WPP,Y,N,Y
4870-42,Y,N,Y
4870-BLI,Y,N,Y
4870-GB,Y,N,Y
4870-NLI,Y,N,Y
4870-NPC,Y,N,Y
4870-SN,Y,N,Y
4870-SW,Y,N,Y
4870-WLI,Y,N,Y
4870-WPC,Y,N,Y
4872-70W,Y,N,Y
4872-BLI,Y,N,Y
4872-GB,Y,N,Y
4872-NLI,Y,N,Y
4872-NPC,Y,N,Y
4872-R,Y,N,Y
4872-SN,Y,N,Y
4872-SW,Y,N,Y
4872-W,Y,N,Y
4872-WLI,Y,N,Y
4872-WPC,Y,N,Y
4872-WPP,Y,N,Y
4875-BLI,Y,N,Y
4875-GB,Y,N,Y
4875-NLI,Y,N,Y
4875-NPC,Y,N,Y
4880-21,Y,N,Y
4880-BLI,Y,N,Y
4880-GB,Y,N,Y
4880-NLI,Y,N,Y
4880-NPC,Y,N,Y
4880-SN,Y,N,Y
4880-SW,Y,N,Y
4880-WLI,Y,N,Y
4880-WPC,Y,N,Y
4880-WPP,Y,N,Y
4880V-103,Y,N,Y
4880V-18,Y,N,Y
4880V-B,Y,N,Y
4880V-BLI,Y,N,Y
4880V-GB,Y,N,Y
4880V-NLI,Y,N,Y
4880V-NPC,Y,N,Y
4880V-SN,Y,N,Y
4880V-SW,Y,N,Y
4880V-W,Y,N,Y
4880V-WLI,Y,N,Y
4880V-WPC,Y,N,Y
4885-WPP,Y,N,Y
4890-21,Y,N,Y
4890-27,Y,N,Y
4894-BLI,Y,N,Y
4894-NLI,Y,N,Y
4894-WLI,Y,N,Y
4895-70W,Y,N,Y
4895-NLI,Y,N,Y
4895-NPC,Y,N,Y
4895-SN,Y,N,Y
4895-SW,Y,N,Y
4895-WLI,Y,N,Y
4897-BLI,Y,N,Y
4897-GB,Y,N,Y
5360-11,Y,N,Y
5360-12,Y,N,Y
5360-15,Y,N,Y
5360-17,Y,N,Y
5360-18,Y,N,Y
5360-20,Y,N,Y
5360-24,Y,N,Y
5360-25,Y,N,N
5360-26,Y,N,Y
5360-27,Y,N,Y
5360-29,Y,N,Y
5360-30,Y,N,Y
5365-11,Y,N,Y
5365-12,Y,N,Y
5365-14,Y,N,Y
5365-15,Y,N,Y
5365-17,Y,N,Y
5365-18,Y,N,Y
5365-20,Y,N,Y
5365-24,Y,N,Y
5365-25,Y,N,N
5365-26,Y,N,Y
5365-27,Y,N,Y
5365-28,Y,N,Y
5365-29,Y,N,Y
5370-11,Y,N,Y
5370-12,Y,N,Y
5370-15,Y,N,Y
5370-17,Y,N,Y
5370-18,Y,N,Y
5370-20,Y,N,Y
5370-24,Y,N,Y
5370-25,Y,N,N
5370-26,Y,N,Y
5370-27,Y,N,Y
5370-28,Y,N,Y
5370-29,Y,N,Y
5375-11,Y,N,Y
5375-12,Y,N,Y
5375-15,Y,N,Y
5375-17,Y,N,Y
5375-18,Y,N,Y
5375-20,Y,N,Y
5375-24,Y,N,Y
5375-25,Y,N,N
5375-26,Y,N,Y
5375-27,Y,N,Y
5375-28,Y,N,Y
5375-29,Y,N,Y
5380-11,Y,N,Y
5380-12,Y,N,Y
5380-15,Y,N,Y
5380-17,Y,N,Y
5380-18,Y,N,Y
5380-20,Y,N,Y
5380-25,Y,N,N
5380-26,Y,N,Y
5380-27,Y,N,Y
5380-29,Y,N,Y
5380-30,Y,N,Y
5395-11,Y,N,Y
5395-12,Y,N,Y
5395-20,Y,N,Y
55PS-W,Y,N,Y
5869-GL,Y,N,Y
5870-GL,Y,N,Y
5875-GL,Y,N,Y
5880-GL,Y,N,Y
5895-GL,Y,N,Y
6660-11,Y,N,Y
6660-12,Y,N,Y
6660-13,Y,N,Y
6660-14,Y,N,Y
6660-16,Y,N,Y
6665-11,Y,N,Y
6665-14,Y,N,Y
6670-11,Y,N,Y
6670-12,Y,N,Y
6670-13,Y,N,Y
6670-14,Y,N,Y
6670-15,Y,N,Y
6675-11,Y,N,Y
6675-12,Y,N,Y
6675-13,Y,N,Y
6675-14,Y,N,Y
6675-15,Y,N,Y
6675-16,Y,N,Y
6680-11,Y,N,Y
6680-12,Y,N,Y
6680-13,Y,N,Y
6680-14,Y,N,Y
6680-15,Y,N,Y
72973-80W,Y,N,Y
72973-GB,Y,N,Y
7716-B,Y,N,Y
7716-BLI,Y,N,Y
7716-GB,Y,N,Y
7716-N,Y,N,Y
7716-NLI,Y,N,Y
7716-NPC,Y,N,Y
7716-SN,Y,N,Y
7716-SW,Y,N,Y
7716-WLI,Y,N,Y
7716-WPC,Y,N,Y
81211-C-10,Y,N,Y
81211-C-12,Y,N,Y
81211-C-13,Y,N,Y
81211-C-14,Y,N,Y
81211-C-18,Y,N,Y
81211-C-20,Y,N,Y
81211-C-22,Y,N,Y
81211-C-23,Y,N,Y
81211-C-25,Y,N,N
81211-C-26,Y,N,Y
81211-C-27,Y,N,Y
81211-C-29,Y,N,Y
81211-C-30,Y,N,Y
81211-C-32,Y,N,Y
81211-C-34,Y,N,Y
81211-C-35,Y,N,Y
81211-C-36,Y,N,Y
81211-C-38,Y,N,Y
81211-C-39,Y,N,Y
81211-C-40,Y,N,Y
81211-C-41,Y,N,Y
81211-C-43,Y,N,Y
81211-C-44,Y,N,Y
81211-C-45,Y,N,Y
81211-C-46,Y,N,Y
81211-C-49,Y,N,Y
81211-C-50,Y,N,N
81211-C-52,Y,N,Y
81211-C-53,Y,N,Y
81211-C-55,Y,N,Y
81211-C-56,Y,N,Y
81211-C-57,Y,N,Y
81211-C-58,Y,N,Y
81211-C-59,Y,N,Y
81211-C-60,Y,N,Y
81211-C-61,Y,N,Y
81211-C-63,Y,N,Y
81211-C-64,Y,N,Y
81211-C-65,Y,N,Y
81211-C-66,Y,N,Y
81211-C-67,Y,N,Y
81211-C-68,Y,N,Y
81211-C-72,Y,N,Y
81211-C-75,Y,N,Y
81211-C-76,Y,N,Y
81211-C-77,Y,N,Y
81211-C-78,Y,N,Y
81211-C-80,Y,N,Y
81211-C-83,Y,N,Y
81211-C-84,Y,N,Y
81211-C-86,Y,N,Y
81211-C-87,Y,N,Y
81211-C-89,Y,N,Y
81211-C-90,Y,N,Y
81211-C-98,Y,N,Y
81211-C-99,Y,N,Y
81211-P-10,Y,N,Y
81211-P-12,Y,N,Y
81211-P-13,Y,N,Y
81211-P-14,Y,N,Y
81211-P-15,Y,N,Y
81211-P-16,Y,N,Y
81211-P-17,Y,N,Y
81211-P-18,Y,N,Y
81211-P-20,Y,N,Y
81211-P-22,Y,N,Y
81211-P-23,Y,N,Y
81211-P-25,Y,N,N
81211-P-26,Y,N,Y
81211-P-27,Y,N,Y
81211-P-29,Y,N,Y
81211-P-32,Y,N,Y
81211-P-34,Y,N,Y
81211-P-35,Y,N,Y
81211-P-36,Y,N,Y
81211-P-38,Y,N,Y
81211-P-39,Y,N,Y
81211-P-40,Y,N,Y
81211-P-41,Y,N,Y
81211-P-43,Y,N,Y
81211-P-44,Y,N,Y
81211-P-46,Y,N,Y
81211-P-49,Y,N,Y
81211-P-50,Y,N,N
81211-P-52,Y,N,Y
81211-P-53,Y,N,Y
81211-P-55,Y,N,Y
81211-P-56,Y,N,Y
81211-P-58,Y,N,Y
81211-P-59,Y,N,Y
81211-P-61,Y,N,Y
81211-P-63,Y,N,Y
81211-P-64,Y,N,Y
81211-P-65,Y,N,Y
81211-P-66,Y,N,Y
81211-P-67,Y,N,Y
81211-P-68,Y,N,Y
81211-P-70,Y,N,Y
81211-P-71,Y,N,Y
81211-P-72,Y,N,Y
81211-P-74,Y,N,Y
81211-P-75,Y,N,Y
81211-P-76,Y,N,Y
81211-P-77,Y,N,Y
81211-P-78,Y,N,Y
81211-P-79,Y,N,Y
81211-P-80,Y,N,Y
81211-P-83,Y,N,Y
81211-P-84,Y,N,Y
81211-P-86,Y,N,Y
81211-P-88,Y,N,Y
81211-P-89,Y,N,Y
81211-P-90,Y,N,Y
81211-P-98,Y,N,Y
81211-P-99,Y,N,Y
8503-AO,Y,N,Y
8503-GB,Y,N,Y
8504-AO,Y,N,Y
8504-GB,Y,N,Y
8505-12,Y,N,Y
8505-15,Y,N,Y
8505-18,Y,N,Y
8505-20,Y,N,Y
8505-50,Y,N,N
8505-BLI,Y,N,Y
8505-GB,Y,N,Y
8505-NLI,Y,N,Y
8505-NPC,Y,N,Y
8505-SN,Y,N,Y
8505-SW,Y,N,Y
8505-WLI,Y,N,Y
8505-WPC,Y,N,Y
8515-12,Y,N,Y
8515-15,Y,N,Y
8515-20,Y,N,Y
8515-50,Y,N,N
8515-BLI,Y,N,Y
8515-GB,Y,N,Y
8515-NLI,Y,N,Y
8515-NPC,Y,N,Y
8515-SN,Y,N,Y
8515-SW,Y,N,Y
8515-WLI,Y,N,Y
8515-WPC,Y,N,Y
8520-70W,Y,N,Y
8520-BLI,Y,N,Y
8520-GB,Y,N,Y
8520-NLI,Y,N,Y
8520-SW,Y,N,Y
8520-WLI,Y,N,Y
8520-WPC,Y,N,Y
8530-70W,Y,N,Y
8530-BLI,Y,N,Y
8530-GB,Y,N,Y
8530-NLI,Y,N,Y
8530-SW,Y,N,Y
8530-WLI,Y,N,Y
8530-WPC,Y,N,Y
8535-11,Y,N,Y
8535-12,Y,N,Y
8535-15,Y,N,Y
8535-17,Y,N,Y
8535-18,Y,N,Y
8535-20,Y,N,Y
8535-24,Y,N,Y
8535-25,Y,N,N
8535-26,Y,N,Y
8535-27,Y,N,Y
8535-28,Y,N,Y
8535-29,Y,N,Y
8535-50,Y,N,N
8535-BLI,Y,N,Y
8535-GB,Y,N,Y
8535-NLI,Y,N,Y
8535-NPC,Y,N,Y
8535-SN,Y,N,Y
8535-SW,Y,N,Y
8535-WLI,Y,N,Y
8535-WPC,Y,N,Y
8545-50,Y,N,N
8545-GB,Y,N,Y
8565-50,Y,N,N
8565-GB,Y,N,Y
8585-50,Y,N,N
8585-GB,Y,N,Y
8595-50,Y,N,N
8635-W,Y,N,Y
CC10,Y,N,Y
CC66,Y,N,Y
CCA2,Y,N,Y
CCA6,Y,N,Y
CCA7,Y,N,Y
CCA9,Y,N,Y
CF4880-102,Y,N,Y
CF4880-103,Y,N,N
CF4880-11,Y,N,Y
CF4880-16,Y,N,Y
CF4880-18,Y,N,Y
CF4880-22,Y,N,Y
CF4880-96,Y,N,Y
CF4880-97,Y,N,Y
CF4880-98,Y,N,Y
CF4880-99,Y,N,Y
CF4880-B,Y,N,Y
CF4880-BCHV,Y,N,Y
CS1865-102,Y,N,Y
CS1865-14,Y,N,Y
CS1865-16,Y,N,Y
CS1865-18,Y,N,Y
CS1865-22,Y,N,Y
CS1865-27,Y,N,Y
CS1865-B,Y,N,Y
CS1880-102,Y,N,Y
CS1880-11,Y,N,Y
CS1880-16,Y,N,Y
CS1880-18,Y,N,Y
CS1880-22,Y,N,Y
CS1880-B,Y,N,Y
CUR-97,Y,N,Y
CUR-98,Y,N,Y
CUR-99,Y,N,Y
E4897-50,Y,N,N
EN5603,Y,N,Y
EN6303,Y,N,Y
ET4860-14,Y,N,Y
ET4860-16,Y,N,Y
ET4870-14,Y,N,Y
ET4875-12,Y,N,Y
ET4875-14,Y,N,Y
ET4875-16,Y,N,Y
ET4880-14,Y,N,Y
ET4880-16,Y,N,Y
EX-1840-18,Y,N,Y
EX-1855-18,Y,N,Y
EX-1865-18,Y,N,Y
EX-1870-18,Y,N,Y
EX-1872-18,Y,N,Y
EX-1875-18,Y,N,Y
EX-1880-18,Y,N,Y
EX-1895-18,Y,N,Y
EX4860-10,Y,Y,Y
EX4860-11,Y,Y,Y
EX4860-13,Y,Y,Y
EX4860-14,Y,Y,Y
EX4860-17,Y,Y,Y
EX4860-18,Y,Y,Y
EX4860-22,Y,Y,Y
EX4860-23,Y,Y,Y
EX4860-25,Y,Y,N
EX4860-26,Y,Y,Y
EX4860-27,Y,Y,Y
EX4865-10,Y,Y,Y
EX4865-11,Y,Y,Y
EX4865-12,Y,Y,Y
EX4865-13,Y,Y,Y
EX4865-14,Y,Y,Y
EX4865-15,Y,Y,Y
EX4865-16,Y,N,Y
EX4865-17,Y,Y,Y
EX4865-18,Y,Y,Y
EX4865-19,Y,N,Y
EX4865-22,Y,Y,Y
EX4865-23,Y,Y,Y
EX4865-25,Y,Y,N
EX4865-26,Y,Y,Y
EX4870-11,Y,Y,Y
EX4870-13,Y,Y,Y
EX4870-14,Y,Y,Y
EX4870-15,Y,N,Y
EX4870-16,Y,N,Y
EX4870-17,Y,Y,Y
EX4870-18,Y,Y,Y
EX4870-22,Y,Y,Y
EX4870-23,Y,Y,Y
EX4870-25,Y,Y,N
EX4870-26,Y,Y,Y
EX4870-27,Y,Y,Y
EX4875-10,Y,Y,Y
EX4875-11,Y,Y,Y
EX4875-12,Y,Y,Y
EX4875-13,Y,Y,Y
EX4875-14,Y,Y,Y
EX4875-15,Y,Y,Y
EX4875-17,Y,Y,Y
EX4875-18,Y,Y,Y
EX4875-19,Y,N,Y
EX4875-22,Y,Y,Y
EX4875-26,Y,Y,Y
EX4875-27,Y,Y,Y
EX4880-10,Y,Y,Y
EX4880-11,Y,Y,Y
EX4880-12,Y,Y,Y
EX4880-13,Y,N,Y
EX4880-14,Y,Y,Y
EX4880-15,Y,Y,Y
EX4880-17,Y,Y,Y
EX4880-18,Y,Y,Y
EX4880-22,Y,Y,Y
EX4880-23,Y,Y,Y
EX4880-25,Y,Y,N
EX4880-26,Y,Y,Y
EX4880-27,Y,Y,Y
EX4894-25,Y,Y,N
EX4894-26,Y,Y,Y
EX4894-27,Y,Y,Y
EX4895-10,Y,Y,Y
EX4895-11,Y,Y,Y
EX4895-12,Y,Y,Y
EX4895-13,Y,Y,Y
EX4895-15,Y,Y,Y
EX4895-17,Y,Y,Y
EX4895-18,Y,Y,Y
EX4895-22,Y,Y,Y
EX4895-23,Y,Y,Y
EX4895-25,Y,Y,N
EX4895-26,Y,Y,Y
EX4895-27,Y,Y,Y
EX4897-10,Y,Y,Y
EX4897-11,Y,Y,Y
EX4897-12,Y,N,Y
EX4897-13,Y,Y,Y
EX4897-14,Y,Y,Y
EX4897-15,Y,Y,Y
EX4897-17,Y,Y,Y
EX4897-18,Y,Y,Y
EX4897-22,Y,Y,Y
EX4897-23,Y,Y,Y
EX4897-25,Y,Y,N
EX4897-27,Y,Y,Y
EX4899-25,Y,Y,N
EX4899-26,Y,Y,Y
EX4899-27,Y,Y,Y
EX7716-10,Y,Y,Y
EX7716-11,Y,Y,Y
EX7716-12,Y,Y,Y
EX7716-13,Y,Y,Y
EX7716-15,Y,Y,Y
EX7716-17,Y,Y,Y
EX7716-18,Y,Y,Y
EX7716-22,Y,Y,Y
EX7716-23,Y,Y,Y
EX7716-26,Y,Y,Y
EX7716-27,Y,Y,Y
EX8515-10,Y,Y,Y
EX8515-11,Y,Y,Y
EX8515-12,Y,Y,Y
EX8515-13,Y,Y,Y
EX8515-14,Y,Y,Y
EX8515-15,Y,Y,Y
EX8515-17,Y,Y,Y
EX8515-22,Y,Y,Y
EX8515-23,Y,Y,Y
EX8515-25,Y,Y,N
EX8515-26,Y,N,Y
EX8515-27,Y,Y,Y
EX8535-10,Y,Y,Y
EX8535-11,Y,Y,Y
EX8535-12,Y,N,Y
EX8535-13,Y,Y,Y
EX8535-14,Y,Y,Y
EX8535-15,Y,Y,Y
EX8535-17,Y,Y,Y
EX8535-18,Y,Y,Y
EX8535-22,Y,Y,Y
EX8535-23,Y,Y,Y
EX8535-25,Y,Y,N
EX8535-26,Y,N,Y
EX8535-27,Y,Y,Y
EX8555-25,Y,Y,N
EX8555-26,Y,Y,Y
EX8555-27,Y,Y,Y
EXLEVC-10,Y,Y,Y
EXLEVC-11,Y,Y,Y
EXLEVC-12,Y,Y,Y
EXLEVC-13,Y,Y,Y
EXLEVC-14,Y,Y,Y
EXLEVC-15,Y,Y,Y
EXLEVC-17,Y,Y,Y
EXLEVC-18,Y,Y,Y
EXLEVC-22,Y,Y,Y
EXLEVC-23,Y,Y,Y
EXLEVC-25,Y,Y,N
EXLEVC-26,Y,Y,Y
EXLEVC-27,Y,Y,Y
EXP-0205PL,Y,N,N
F-4550-B,Y,Y,Y
F-4560-B,Y,Y,Y
F-4561-B,Y,Y,Y
F-4565-B,Y,Y,Y
F-4570-B,Y,Y,Y
F-4580-B,Y,N,Y
F-4585-B,Y,Y,Y
F-4590-B,Y,Y,Y
F-4595-B,Y,Y,Y
F-8505-B,Y,N,Y
F-8515-B,Y,Y,Y
F-8535-B,Y,Y,Y
F-8545-B,Y,Y,Y
F-8565-B,Y,N,Y
F-8585-B,Y,Y,Y
F-8595-B,Y,Y,Y
FE-7300-15,Y,Y,Y
FE4265-12,Y,Y,Y
FE4265-15,Y,Y,Y
FE4265-20,Y,Y,Y
FE4270-12,Y,Y,Y
FE4270-15,Y,Y,Y
FE4270-20,Y,Y,Y
FE4270-22,Y,Y,Y
FE4275-12,Y,Y,Y
FE4275-15,Y,Y,Y
FE4275-17,Y,N,Y
FE4275-20,Y,Y,Y
FE4275-22,Y,Y,Y
FE4280-12,Y,Y,Y
FE4280-15,Y,Y,Y
FE4280-17,Y,N,N
FE4280-20,Y,Y,Y
FE4280-22,Y,Y,Y
FE4865-22,Y,Y,Y
FE8535-20,Y,Y,Y
FFW-10,Y,Y,Y
FFW-10-103,Y,N,Y
FFW-10-18,Y,Y,Y
FFW-10-B,Y,Y,Y
FFW-10-GB,Y,Y,Y
FFW-10-L20,Y,Y,Y
FFW-10-L22,Y,Y,Y
FFW-1013,Y,Y,Y
FFW-69-103,Y,N,Y
FFW-69-18,Y,Y,Y
FFW-69-B,Y,Y,Y
FFW-69-GB,Y,Y,Y
FFW-69-L20,Y,Y,Y
FFW-69-L22,Y,Y,Y
INVDW-18,Y,Y,Y
INVDW-B,Y,Y,Y
INVDW-L20,Y,Y,Y
INVDW-L22,Y,Y,Y
LEVC-96,Y,Y,Y
LEVC-97,Y,N,Y
LEVC-98,Y,N,Y
LEVC-99,Y,N,Y
LEVC-GB,Y,Y,Y
LEVC902,Y,Y,Y
LEVC903,Y,Y,Y
LEVC904,Y,Y,Y
LUX-1644-112,Y,N,Y
LUX-1644-113,Y,N,Y
LUX-1801-B,Y,Y,Y
LUX-1CO-10,Y,Y,Y
LUX-1CO-102,Y,N,Y
LUX-1CO-103,Y,N,Y
LUX-1CO-11,Y,Y,Y
LUX-1CO-112,Y,N,Y
LUX-1CO-12,Y,Y,Y
LUX-1CO-13,Y,Y,Y
LUX-1CO-17,Y,Y,Y
LUX-1CO-18,Y,Y,Y
LUX-1CO-22,Y,N,Y
LUX-1CO-25,Y,N,N
LUX-1CO-L17,Y,Y,Y
LUX-1CO-L22,Y,Y,Y
LUX-4820-112,Y,N,Y
LUX-4860-101,Y,N,Y
LUX-4860-103,Y,N,Y
LUX-4860-106,Y,N,Y
LUX-4865-101,Y,N,Y
LUX-4865-102,Y,N,Y
LUX-4865-103,Y,N,Y
LUX-4865-104,Y,N,Y
LUX-4865-105,Y,N,Y
LUX-4865-106,Y,N,Y
LUX-4865-112,Y,N,Y
LUX-4865-113,Y,N,Y
LUX-4870-101,Y,N,Y
LUX-4870-102,Y,N,Y
LUX-4870-104,Y,N,Y
LUX-4870-112,Y,N,Y
LUX-4870-113,Y,N,Y
LUX-4872-10,Y,N,Y
LUX-4872-101,Y,N,Y
LUX-4872-102,Y,N,Y
LUX-4872-103,Y,N,Y
LUX-4872-104,Y,N,Y
LUX-4872-106,Y,N,Y
LUX-4872-11,Y,N,Y
LUX-4872-112,Y,N,Y
LUX-4872-113,Y,N,Y
LUX-4872-12,Y,N,Y
LUX-4872-13,Y,N,Y
LUX-4872-14,Y,N,Y
LUX-4872-17,Y,N,Y
LUX-4872-18,Y,N,Y
LUX-4872-22,Y,N,Y
LUX-4872-23,Y,N,Y
LUX-4872-25,Y,N,N
LUX-4872-26,Y,N,Y
LUX-4875-101,Y,N,Y
LUX-4875-102,Y,N,Y
LUX-4875-103,Y,N,Y
LUX-4875-104,Y,N,Y
LUX-4875-106,Y,N,Y
LUX-4875-112,Y,N,Y
LUX-4875-113,Y,N,Y
LUX-4880-101,Y,N,Y
LUX-4880-102,Y,N,Y
LUX-4880-103,Y,N,Y
LUX-4880-104,Y,N,Y
LUX-4880-106,Y,N,Y
LUX-4880-112,Y,N,Y
LUX-4880-113,Y,N,Y
LUX-4894-112,Y,N,Y
LUX-4894-113,Y,N,Y
LUX-4895-101,Y,N,Y
LUX-4895-104,Y,N,Y
LUX-4895-106,Y,N,Y
LUX-4895-112,Y,N,Y
LUX-4895-113,Y,N,Y
LUX-4899-112,Y,N,Y
LUX-4899-113,Y,N,Y
LUX-72973-B,Y,N,Y
LUX-7716-101,Y,N,Y
LUX-7716-102,Y,N,Y
LUX-7716-103,Y,N,Y
LUX-7716-106,Y,N,Y
LUX-7716-112,Y,N,Y
LUX-7716-113,Y,N,Y
LUX-7716-25,Y,N,N
LUX-8505-101,Y,N,Y
LUX-8505-102,Y,N,Y
LUX-8505-103,Y,N,Y
LUX-8505-104,Y,N,Y
LUX-8505-106,Y,N,Y
LUX-8515-112,Y,N,Y
LUX-8515-113,Y,N,Y
LUX-8520-103,Y,N,Y
LUX-8530-103,Y,N,Y
LUX-8530-B,Y,N,Y
LUX-8535-113,Y,N,Y
LUX-8545-101,Y,N,Y
LUX-8545-102,Y,N,Y
LUX-8545-103,Y,N,Y
LUX-8545-104,Y,N,Y
LUX-8545-106,Y,N,Y
LUXLEVC-102,Y,N,Y
LUXLEVC-104,Y,N,Y
LUXLEVC-106,Y,N,Y
LUXLEVC-112,Y,N,Y
LUXLEVC-113,Y,N,Y
M8535-14,Y,N,Y
M8535-15,Y,N,Y
MINBLK,Y,N,Y
MINSDC,Y,N,Y
MINSDG,Y,N,Y
MINSDQ,Y,N,Y
MINSDS,Y,N,Y
PC1801PL,Y,N,Y
PHGC1,Y,N,Y
PRT4880-AMER,Y,N,Y
PRT4880-BGIN,Y,N,Y
PRT4880-BLNS,Y,N,Y
PRT4880-GGIN,Y,N,Y
PRT4880-PDOT,Y,N,Y
PRT4880-PGIN,Y,N,Y
PRT4880-RLNS,Y,N,Y
PRT4880-YGIN,Y,N,Y
R2169,Y,N,Y
R2172,Y,N,Y
R2173,Y,N,Y
R2174,Y,N,Y
R2175,Y,N,Y
R2176,Y,N,Y
R2177,Y,N,Y
R249,Y,N,Y
R252,Y,N,Y
R253,Y,N,Y
R254,Y,N,Y
R255,Y,N,Y
R256,Y,N,Y
R257,Y,N,Y
R3867,Y,N,Y
R3870,Y,N,Y
R3871,Y,N,Y
R3873,Y,N,Y
R3874,Y,N,Y
R3875,Y,N,Y
S8535-12,Y,N,Y
SIVV915,Y,N,Y
SIVV917,Y,N,Y
SIVV919,Y,N,Y
TIX-99,Y,N,Y
EX10-LEBAGMPF,N,Y,Y
EX10-LEBAGO28,N,Y,Y
EX10-LEBAGR28,N,Y,Y
EX10-LEBALB28,N,Y,Y
EX10-LEBALY28,N,Y,Y
EX10-LEBAMG28,N,Y,Y
EX10-LEBANA28,N,Y,Y
EX10-LEBAOL23,N,Y,Y
EX10-LEBAOL24,N,Y,Y
EX10-LEBAOL28,N,Y,Y
EX10-LEBAOR28,N,Y,Y
EX10-LEBAPI28,N,Y,Y
EX10-LEBAQM28,N,Y,Y
EX10-LEBAQM6SPF,N,Y,Y
EX10-LEBAQMPC,N,Y,Y
EX10-LEBAQMPF,N,Y,Y
EX10-LEBARE28,N,Y,Y
EX10-LEBASM28,N,Y,Y
EX10-LEBASM6SPF,N,Y,Y
EX10-LEBASMPC,N,Y,Y
EX10-LEBASMPF,N,Y,Y
EX10-LEBATE23,N,Y,Y
EX10-LEBATE24,N,Y,Y
EX10-LEBATE28,N,Y,Y
EX10-LEBAWH28,N,Y,Y
EX1644-10,N,Y,Y
EX1644-11,N,Y,Y
EX1644-12,N,Y,Y
EX1644-13,N,Y,Y
EX1644-14,N,Y,Y
EX1644-15,N,Y,Y
EX1644-17,N,Y,Y
EX1644-18,N,Y,Y
EX1644-22,N,Y,Y
EX1644-23,N,Y,Y
EX1644-26,N,Y,Y
EX1644-27,N,Y,Y
EX1CO-27,N,Y,Y
EX4010-10,N,Y,Y
EX4010-11,N,Y,Y
EX4010-12,N,Y,Y
EX4010-13,N,Y,Y
EX4010-14,N,Y,Y
EX4010-15,N,Y,Y
EX4010-17,N,Y,Y
EX4010-18,N,Y,Y
EX4010-22,N,Y,Y
EX4010-23,N,Y,Y
EX4010-25,N,Y,N
EX4010-26,N,Y,Y
EX4010-27,N,Y,Y
EX4010-56,N,Y,Y
EX4020-10,N,Y,Y
EX4020-11,N,Y,Y
EX4020-12,N,Y,Y
EX4020-13,N,Y,Y
EX4020-14,N,Y,Y
EX4020-15,N,Y,Y
EX4020-17,N,Y,Y
EX4020-18,N,Y,Y
EX4020-22,N,Y,Y
EX4020-23,N,Y,Y
EX4020-25,N,Y,N
EX4020-26,N,Y,Y
EX4020-27,N,Y,Y
EX4030-10,N,Y,Y
EX4030-11,N,Y,Y
EX4030-12,N,Y,Y
EX4030-13,N,Y,Y
EX4030-14,N,Y,Y
EX4030-15,N,Y,Y
EX4030-17,N,Y,Y
EX4030-18,N,Y,Y
EX4030-22,N,Y,Y
EX4030-25,N,Y,N
EX4030-26,N,Y,Y
EX4030-27,N,Y,Y
EX4030-56,N,Y,Y
EX4040-10,N,Y,Y
EX4040-11,N,Y,Y
EX4040-12,N,Y,Y
EX4040-13,N,Y,Y
EX4040-14,N,Y,Y
EX4040-15,N,Y,Y
EX4040-16,N,Y,Y
EX4040-17,N,Y,Y
EX4040-18,N,Y,Y
EX4040-22,N,Y,Y
EX4040-23,N,Y,Y
EX4040-25,N,Y,N
EX4040-26,N,Y,Y
EX4040-27,N,Y,Y
EX4040-56,N,Y,Y
EX4060-10,N,Y,Y
EX4060-11,N,Y,Y
EX4060-12,N,Y,Y
EX4060-13,N,Y,Y
EX4060-14,N,Y,Y
EX4060-17,N,Y,Y
EX4060-18,N,Y,Y
EX4060-22,N,Y,Y
EX4060-23,N,Y,Y
EX4060-25,N,Y,N
EX4060-26,N,Y,Y
EX4060-27,N,Y,Y
EX4080-10,N,Y,Y
EX4080-11,N,Y,Y
EX4080-12,N,Y,Y
EX4080-13,N,Y,Y
EX4080-14,N,Y,Y
EX4080-15,N,Y,Y
EX4080-17,N,Y,Y
EX4080-18,N,Y,Y
EX4080-22,N,Y,Y
EX4080-23,N,Y,Y
EX4080-25,N,Y,N
EX4080-26,N,Y,Y
EX4080-27,N,Y,Y
EX4820-10,N,Y,Y
EX4820-11,N,Y,Y
EX4820-12,N,Y,Y
EX4820-13,N,Y,Y
EX4820-14,N,Y,Y
EX4820-15,N,Y,Y
EX4820-17,N,Y,Y
EX4820-18,N,Y,Y
EX4820-22,N,Y,Y
EX4820-23,N,Y,Y
EX4820-25,N,Y,N
EX4820-26,N,Y,Y
EX4820-27,N,Y,Y
EX4860-12,N,Y,Y
EX4860-15,N,Y,Y
EX4865-27,N,Y,Y
EX4870-10,N,Y,Y
EX4870-12,N,Y,Y
EX4875-23,N,Y,Y
EX4875-25,N,Y,N
EX4894-10,N,Y,Y
EX4894-11,N,Y,Y
EX4894-12,N,Y,Y
EX4894-13,N,Y,Y
EX4894-14,N,Y,Y
EX4894-15,N,Y,Y
EX4894-17,N,Y,Y
EX4894-18,N,Y,Y
EX4894-22,N,Y,Y
EX4894-23,N,Y,Y
EX4895-14,N,Y,Y
EX4897-26,N,Y,Y
EX4899-10,N,Y,Y
EX4899-11,N,Y,Y
EX4899-12,N,Y,Y
EX4899-13,N,Y,Y
EX4899-14,N,Y,Y
EX4899-15,N,Y,Y
EX4899-17,N,Y,Y
EX4899-18,N,Y,Y
EX4899-22,N,Y,Y
EX4899-23,N,Y,Y
EX5010-10,N,Y,Y
EX5010-11,N,Y,Y
EX5010-12,N,Y,Y
EX5010-13,N,Y,Y
EX5010-14,N,Y,Y
EX5010-15,N,Y,Y
EX5010-17,N,Y,Y
EX5010-18,N,Y,Y
EX5010-22,N,Y,Y
EX5010-23,N,Y,Y
EX5010-25,N,Y,N
EX5010-26,N,Y,Y
EX5010-27,N,Y,Y
EX5020-10,N,Y,Y
EX5020-12,N,Y,Y
EX5020-13,N,Y,Y
EX5020-14,N,Y,Y
EX5020-15,N,Y,Y
EX5020-17,N,Y,Y
EX5020-18,N,Y,Y
EX5020-22,N,Y,Y
EX5020-23,N,Y,Y
EX5020-25,N,Y,N
EX5020-27,N,Y,Y
EX5030-10,N,Y,Y
EX5030-11,N,Y,Y
EX5030-12,N,Y,Y
EX5030-13,N,Y,Y
EX5030-14,N,Y,Y
EX5030-15,N,Y,Y
EX5030-17,N,Y,Y
EX5030-18,N,Y,Y
EX5030-22,N,Y,Y
EX5030-23,N,Y,Y
EX5030-25,N,Y,N
EX5030-26,N,Y,Y
EX5030-27,N,Y,Y
EX5040-10,N,Y,Y
EX5040-11,N,Y,Y
EX5040-12,N,Y,Y
EX5040-13,N,Y,Y
EX5040-14,N,Y,Y
EX5040-15,N,Y,Y
EX5040-17,N,Y,Y
EX5040-18,N,Y,Y
EX5040-22,N,Y,Y
EX5040-23,N,Y,Y
EX5040-25,N,Y,N
EX5040-26,N,Y,Y
EX5060-10,N,Y,Y
EX5060-11,N,Y,Y
EX5060-12,N,Y,Y
EX5060-13,N,Y,Y
EX5060-14,N,Y,Y
EX5060-15,N,Y,Y
EX5060-17,N,Y,Y
EX5060-18,N,Y,Y
EX5060-22,N,Y,Y
EX5060-23,N,Y,Y
EX5060-25,N,Y,N
EX5060-26,N,Y,Y
EX5060-27,N,Y,Y
EX7716-14,N,Y,Y
EX8515-18,N,Y,Y
EX8555-10,N,Y,Y
EX8555-11,N,Y,Y
EX8555-12,N,Y,Y
EX8555-13,N,Y,Y
EX8555-14,N,Y,Y
EX8555-15,N,Y,Y
EX8555-17,N,Y,Y
EX8555-18,N,Y,Y
EX8555-22,N,Y,Y
EX8555-23,N,Y,Y
EXP-0220PL,N,Y,N
EXP-1602PL,N,Y,N
F-4220-B,N,Y,Y
F-4575-B,N,Y,Y
F-6075-B,N,Y,Y
F-8525-B,N,Y,Y
F-8555-B,N,Y,Y
F-8575-B,N,Y,Y
FE-4220-12,N,Y,Y
FE-4220-15,N,Y,Y
FE-7280-12,N,Y,Y
FE-7280-13,N,Y,Y
FE-7280-15,N,Y,Y
FE614GF-12,N,Y,N
FE614GF-22,N,Y,Y
FE614ZF-12,N,Y,N
FE614ZF-22,N,Y,Y
FEA7GF-12,N,Y,N
FEA7GF-22,N,Y,Y
FEA7ZF-12,N,Y,N
FEXA7ZF-22,N,Y,Y
FFW-125,N,Y,Y
FFW-69,N,Y,Y
FFW-83411,N,Y,Y
FFW-912,N,Y,Y
GLASS-15,N,Y,Y
GLASS-19,N,Y,Y
GLASS-25,N,Y,N
GLASS-27,N,Y,Y
INVDW,N,Y,Y
LDI-24WW,N,Y,Y
LEVC905,N,Y,Y
LEVC930,N,Y,Y
LEVC933,N,Y,Y
LEVC945,N,Y,Y
LEVC946,N,Y,Y
LEVCBLK,N,Y,Y
LEVCGLD,N,Y,Y
LEVCSIL,N,Y,Y
LUX-1590-11,N,Y,Y
LUX-1590-12,N,Y,Y
LUX-1590-13,N,Y,Y
LUX-1590-17,N,Y,Y
LUX-1590-18,N,Y,Y
LUX-1590-B,N,Y,Y
LUX-1590-L20,N,Y,Y
LUX-1590-L22,N,Y,Y
LUX-1801-18,N,Y,Y
LUX-1CO-14,N,Y,Y
LUX-1CO-15,N,Y,Y
LUX-1CO-20,N,Y,Y
LUX-4820-L22,N,Y,N
1003PL,N,N,Y
1004PL,N,N,Y
1005PL,N,N,Y
1007PL,N,N,Y
1014PL,N,N,N
10157,N,N,Y
10215,N,N,Y
1024PL,N,N,N
10350,N,N,Y
10894,N,N,Y
10910,N,N,Y
10951,N,N,Y
10968,N,N,Y
10977,N,N,Y
10BS-07,N,N,Y
10BS-28BK,N,N,Y
10BS-28W,N,N,Y
10BS-B,N,N,Y
10BS-GB,N,N,Y
11017,N,N,Y
1117-C-10,N,N,Y
1117-C-102,N,N,Y
1117-C-103,N,N,Y
1117-C-104,N,N,Y
1117-C-106,N,N,Y
1117-C-11,N,N,Y
1117-C-112,N,N,Y
1117-C-113,N,N,Y
1117-C-12,N,N,Y
1117-C-13,N,N,Y
1117-C-14,N,N,Y
1117-C-15,N,N,Y
1117-C-17,N,N,Y
1117-C-18,N,N,Y
1117-C-18GB,N,N,Y
1117-C-22,N,N,Y
1117-C-25,N,N,N
1117-C-26,N,N,Y
1117-C-79,N,N,Y
1117-C-83,N,N,Y
1117-C-B,N,N,Y
1117-C-BLI,N,N,Y
1117-C-L05,N,N,Y
1117-C-L07,N,N,Y
1117-C-L17,N,N,Y
1117-C-L20,N,N,Y
1117-C-L22,N,N,Y
1117-C-M02,N,N,Y
1117-C-M04,N,N,Y
1117-C-M05,N,N,Y
1117-C-M06,N,N,Y
1117-C-M07,N,N,Y
1117-C-M08,N,N,Y
1117-C-M22,N,N,Y
1117-C-M24,N,N,Y
1117-C-M27,N,N,Y
1117-C-M36,N,N,Y
1117-C-M38,N,N,Y
1117-C-M49,N,N,Y
1117-C-M50,N,N,Y
1117-C-M75,N,N,Y
1117-C-M77,N,N,Y
1117-C-M89,N,N,Y
1117-C-N,N,N,Y
1117-C-NLI,N,N,Y
1117-C-W,N,N,Y
1117-C-WLI,N,N,Y
1117-P-10,N,N,Y
1117-P-102,N,N,Y
1117-P-103,N,N,Y
1117-P-104,N,N,Y
1117-P-106,N,N,Y
1117-P-11,N,N,Y
1117-P-112,N,N,Y
1117-P-113,N,N,Y
1117-P-12,N,N,Y
1117-P-13,N,N,Y
1117-P-14,N,N,Y
1117-P-15,N,N,Y
1117-P-17,N,N,Y
1117-P-18,N,N,Y
1117-P-22,N,N,Y
1117-P-25,N,N,N
1117-P-26,N,N,Y
1117-P-60T15,N,N,Y
1117-P-79,N,N,Y
1117-P-80W,N,N,Y
1117-P-83,N,N,Y
1117-P-B,N,N,Y
1117-P-BLI,N,N,Y
1117-P-GB,N,N,Y
1117-P-L05,N,N,Y
1117-P-L07,N,N,Y
1117-P-L17,N,N,Y
1117-P-L20,N,N,Y
1117-P-L22,N,N,Y
1117-P-M02,N,N,Y
1117-P-M04,N,N,Y
1117-P-M05,N,N,Y
1117-P-M06,N,N,Y
1117-P-M07,N,N,Y
1117-P-M08,N,N,Y
1117-P-M22,N,N,Y
1117-P-M24,N,N,Y
1117-P-M27,N,N,Y
1117-P-M30,N,N,Y
1117-P-M36,N,N,Y
1117-P-M38,N,N,Y
1117-P-M49,N,N,Y
1117-P-M50,N,N,Y
1117-P-M75,N,N,Y
1117-P-M77,N,N,Y
1117-P-M89,N,N,Y
1117-P-NLI,N,N,Y
1117-P-WCN,N,N,Y
1117-P-WGV,N,N,Y
1117-P-WLI,N,N,Y
1117-P-WPQ,N,N,Y
11173,N,N,Y
11643,N,N,Y
11700,N,N,Y
11783,N,N,Y
11858,N,N,Y
11874,N,N,Y
11924,N,N,Y
11999,N,N,Y
12039,N,N,Y
1212-C-06,N,N,Y
1212-C-07,N,N,Y
1212-C-08,N,N,Y
1212-C-10,N,N,Y
1212-C-101,N,N,Y
1212-C-102,N,N,Y
1212-C-103,N,N,Y
1212-C-104,N,N,Y
1212-C-106,N,N,Y
1212-C-11,N,N,Y
1212-C-112,N,N,Y
1212-C-113,N,N,Y
1212-C-12,N,N,Y
1212-C-13,N,N,Y
1212-C-130GG,N,N,N
1212-C-14,N,N,Y
1212-C-15,N,N,Y
1212-C-17,N,N,Y
1212-C-18,N,N,Y
1212-C-184SN,N,N,Y
1212-C-22,N,N,Y
1212-C-23,N,N,Y
1212-C-236SBW,N,N,Y
1212-C-236SN,N,N,Y
1212-C-25,N,N,N
1212-C-26,N,N,Y
1212-C-30,N,N,Y
1212-C-57,N,N,Y
1212-C-60,N,N,Y
1212-C-61,N,N,Y
1212-C-79,N,N,Y
1212-C-83,N,N,Y
1212-C-87,N,N,Y
1212-C-92GG,N,N,N
1212-C-B,N,N,Y
1212-C-BLI,N,N,Y
1212-C-GB,N,N,Y
1212-C-L05,N,N,Y
1212-C-L07,N,N,Y
1212-C-L17,N,N,Y
1212-C-L20,N,N,Y
1212-C-L22,N,N,Y
1212-C-M02,N,N,Y
1212-C-M04,N,N,Y
1212-C-M05,N,N,Y
1212-C-M07,N,N,Y
1212-C-M08,N,N,Y
1212-C-M22,N,N,Y
1212-C-M24,N,N,Y
1212-C-M27,N,N,Y
1212-C-M36,N,N,Y
1212-C-M38,N,N,Y
1212-C-M49,N,N,Y
1212-C-M50,N,N,Y
1212-C-M75,N,N,Y
1212-C-M77,N,N,Y
1212-C-M89,N,N,Y
1212-C-N,N,N,Y
1212-C-NLI,N,N,Y
1212-C-W,N,N,Y
1212-C-WLI,N,N,Y
1212-P-06,N,N,Y
1212-P-07,N,N,Y
1212-P-08,N,N,Y
1212-P-10,N,N,Y
1212-P-101,N,N,Y
1212-P-102,N,N,Y
1212-P-103,N,N,Y
1212-P-104,N,N,Y
1212-P-106,N,N,Y
1212-P-11,N,N,Y
1212-P-112,N,N,Y
1212-P-113,N,N,Y
1212-P-12,N,N,Y
1212-P-13,N,N,Y
1212-P-14,N,N,Y
1212-P-15,N,N,Y
1212-P-17,N,N,Y
1212-P-18,N,N,Y
1212-P-22,N,N,Y
1212-P-23,N,N,Y
1212-P-25,N,N,N
1212-P-26,N,N,Y
1212-P-30,N,N,Y
1212-P-60T15,N,N,Y
1212-P-61,N,N,Y
1212-P-79,N,N,Y
1212-P-80W,N,N,Y
1212-P-83,N,N,Y
1212-P-88,N,N,Y
1212-P-B,N,N,Y
1212-P-BLI,N,N,Y
1212-P-DW,N,N,N
1212-P-GB,N,N,Y
1212-P-L05,N,N,Y
1212-P-L07,N,N,Y
1212-P-L17,N,N,Y
1212-P-L20,N,N,Y
1212-P-L22,N,N,Y
1212-P-LW,N,N,N
1212-P-M02,N,N,Y
1212-P-M04,N,N,Y
1212-P-M05,N,N,Y
1212-P-M07,N,N,Y
1212-P-M08,N,N,Y
1212-P-M22,N,N,Y
1212-P-M24,N,N,Y
1212-P-M27,N,N,Y
1212-P-M35,N,N,Y
1212-P-M36,N,N,Y
1212-P-M38,N,N,Y
1212-P-M49,N,N,Y
1212-P-M50,N,N,Y
1212-P-M75,N,N,Y
1212-P-M77,N,N,Y
1212-P-M89,N,N,Y
1212-P-NLI,N,N,Y
1212-P-WCN,N,N,Y
1212-P-WGV,N,N,Y
1212-P-WLI,N,N,Y
1212-P-WPQ,N,N,Y
1218-C-05,N,N,Y
1218-C-07,N,N,Y
1218-C-101,N,N,Y
1218-C-102,N,N,Y
1218-C-103,N,N,Y
1218-C-104,N,N,Y
1218-C-106,N,N,Y
1218-C-112,N,N,Y
1218-C-113,N,N,Y
1218-C-130GG,N,N,N
1218-C-184SN,N,N,Y
1218-C-18GB,N,N,N
1218-C-20,N,N,Y
1218-C-236SBW,N,N,Y
1218-C-236SN,N,N,Y
1218-C-25,N,N,N
1218-C-26,N,N,Y
1218-C-92GG,N,N,N
1218-C-BLI,N,N,Y
1218-C-GB,N,N,N
1218-C-L17,N,N,Y
1218-C-L22,N,N,Y
1218-C-M30,N,N,Y
1218-C-N,N,N,N
1218-C-W,N,N,N
1218-P-05,N,N,Y
1218-P-07,N,N,Y
1218-P-101,N,N,Y
1218-P-102,N,N,Y
1218-P-103,N,N,Y
1218-P-104,N,N,Y
1218-P-106,N,N,Y
1218-P-112,N,N,Y
1218-P-113,N,N,Y
1218-P-20,N,N,Y
1218-P-25,N,N,N
1218-P-26,N,N,Y
1218-P-60T15,N,N,Y
1218-P-80W,N,N,Y
1218-P-BLI,N,N,Y
1218-P-DW,N,N,N
1218-P-GB,N,N,Y
1218-P-L17,N,N,Y
1218-P-L22,N,N,Y
1218-P-LW,N,N,N
1218-P-M30,N,N,Y
1218-P-WCN,N,N,Y
1218-P-WGV,N,N,Y
1218-P-WPQ,N,N,Y
12229,N,N,Y
12237,N,N,Y
12252,N,N,Y
12286,N,N,Y
12310,N,N,Y
12328,N,N,Y
12377,N,N,Y
1319-C-05,N,N,Y
1319-C-07,N,N,Y
1319-C-101,N,N,Y
1319-C-102,N,N,Y
1319-C-103,N,N,Y
1319-C-104,N,N,Y
1319-C-106,N,N,Y
1319-C-112,N,N,Y
1319-C-113,N,N,Y
1319-C-130GG,N,N,N
1319-C-184SN,N,N,Y
1319-C-18GB,N,N,Y
1319-C-20,N,N,Y
1319-C-236SBW,N,N,Y
1319-C-236SN,N,N,Y
1319-C-25,N,N,N
1319-C-26,N,N,Y
1319-C-92GG,N,N,N
1319-C-BLI,N,N,Y
1319-C-CW,N,N,Y
1319-C-GB,N,N,Y
1319-C-L17,N,N,Y
1319-C-L22,N,N,Y
1319-C-M30,N,N,Y
1319-C-N,N,N,N
1319-P-05,N,N,Y
1319-P-07,N,N,Y
1319-P-101,N,N,Y
1319-P-102,N,N,Y
1319-P-103,N,N,Y
1319-P-104,N,N,Y
1319-P-106,N,N,Y
1319-P-112,N,N,Y
1319-P-113,N,N,Y
1319-P-20,N,N,Y
1319-P-25,N,N,N
1319-P-26,N,N,Y
1319-P-60T15,N,N,Y
1319-P-80W,N,N,Y
1319-P-BLI,N,N,Y
1319-P-DW,N,N,N
1319-P-GB,N,N,Y
1319-P-L17,N,N,Y
1319-P-L22,N,N,Y
1319-P-LW,N,N,N
1319-P-M30,N,N,Y
1319-P-WCN,N,N,Y
1319-P-WGV,N,N,Y
1319-P-WPQ,N,N,Y
133FG,N,N,Y
133FO,N,N,Y
133FP,N,N,Y
133FY,N,N,Y
133PB,N,N,Y
133PG,N,N,Y
133PO,N,N,Y
133PP,N,N,Y
133PY,N,N,Y
135W,N,N,Y
13767,N,N,Y
1410,N,N,N
14166,N,N,N
14190,N,N,Y
14554,N,N,N
1537,N,N,Y
1552,N,N,Y
15891,N,N,Y
1590-24IJ,N,N,Y
1590-32IJ,N,N,Y
1590-GB,N,N,Y
1590-WLI,N,N,Y
1590B,N,N,Y
1590BK,N,N,Y
1590PS,N,N,N
16014,N,N,Y
1602,N,N,Y
160FG,N,N,Y
160FO,N,N,Y
160FP,N,N,Y
160FY,N,N,Y
160PB,N,N,Y
160PG,N,N,Y
160PO,N,N,Y
160PP,N,N,Y
160PY,N,N,Y
160W,N,N,Y
16139,N,N,Y
16147,N,N,Y
16154,N,N,Y
1644,N,N,Y
1644-06,N,N,Y
1644-07,N,N,Y
1644-32IJ,N,N,N
1644-GB,N,N,Y
1644-GK,N,N,Y
1644-MK,N,N,N
1693,N,N,Y
16CJ,N,N,Y
16FG,N,N,Y
16FO,N,N,Y
16FP,N,N,Y
16FY,N,N,Y
16PB,N,N,Y
16PG,N,N,Y
16PO,N,N,Y
16PP,N,N,Y
16PY,N,N,Y
16W,N,N,Y
1750,N,N,Y
17524,N,N,N
17889,N,N,Y
17897,N,N,Y
17905,N,N,Y
1795,N,N,Y
17954,N,N,Y
17962,N,N,Y
17MFN,N,N,Y
17MFW,N,N,Y
18002,N,N,Y
1801-01,N,N,Y
1801-06,N,N,Y
1801-07,N,N,Y
1801-H01,N,N,Y
1801-H02,N,N,Y
1820-06,N,N,Y
1820-07,N,N,Y
1820-08,N,N,Y
1820-30,N,N,Y
1820-B,N,N,Y
1820-NPC,N,N,Y
1820-WPC,N,N,Y
1840-06,N,N,Y
1840-07,N,N,Y
1840-08,N,N,Y
1855-06,N,N,Y
1855-07,N,N,Y
1855-08,N,N,Y
1865-06,N,N,Y
1865-07,N,N,Y
1865-08,N,N,Y
1865-WPC,N,N,Y
1870-06,N,N,Y
1870-07,N,N,Y
1870-08,N,N,Y
1872-06,N,N,Y
1872-07,N,N,Y
1872-08,N,N,Y
18739,N,N,Y
1875-06,N,N,Y
1875-07,N,N,Y
1875-08,N,N,Y
1880-06,N,N,Y
1880-07,N,N,Y
1880-08,N,N,Y
1895-06,N,N,Y
1895-07,N,N,Y
1895-08,N,N,Y
1895-30,N,N,Y
1941,N,N,Y
1CO-01,N,N,Y
1CO-80W,N,N,Y
1CO-CHALK,N,N,Y
1CO-HOLI,N,N,Y
1COBLON,N,N,Y
1COCHAMP,N,N,Y
1COGK,N,N,Y
1COJUP,N,N,Y
2071,N,N,Y
22500,N,N,Y
22646,N,N,Y
26611-MI,N,N,Y
26685,N,N,Y
26772,N,N,N
26949,N,N,Y
27297,N,N,N
28449,N,N,Y
28460-MI,N,N,Y
285CJ,N,N,Y
285FG,N,N,Y
285FO,N,N,Y
285FP,N,N,Y
285FY,N,N,Y
285GF,N,N,Y
285PB,N,N,Y
285PG,N,N,Y
285PO,N,N,Y
285PP,N,N,Y
285PY,N,N,Y
285SF,N,N,Y
285W,N,N,Y
28725,N,N,Y
28726,N,N,Y
28727,N,N,Y
28728,N,N,Y
29330,N,N,Y
318,N,N,Y
32308,N,N,Y
32316,N,N,Y
3694,N,N,Y
37090,N,N,N
390CJ,N,N,Y
390FG,N,N,Y
390FO,N,N,Y
390FP,N,N,Y
390FY,N,N,Y
390PB,N,N,Y
390PG,N,N,Y
390PO,N,N,Y
390PP,N,N,Y
390PY,N,N,Y
390W,N,N,Y
39892-MI,N,N,Y
4010-101,N,N,Y
4010-102,N,N,Y
4010-103,N,N,Y
4010-104,N,N,Y
4010-106,N,N,Y
4010-112,N,N,Y
4010-113,N,N,Y
4010-120GL,N,N,N
4010-18GB,N,N,N
4010-L05,N,N,Y
4010-L17,N,N,Y
4010-L20,N,N,Y
4010-L22,N,N,Y
4010-MET-06,N,N,Y
4010-MET-07,N,N,Y
4010-MT-08,N,N,N
4010-MT-30,N,N,N
4010-NLI,N,N,N
4010-NPC,N,N,N
4010-SN,N,N,Y
4010-SW,N,N,Y
4010-WLI,N,N,N
4010-WPC,N,N,Y
4012-120GL,N,N,N
4012-MT-08,N,N,N
4012-MT-30,N,N,N
4012-NLI,N,N,N
4012-NPC,N,N,N
4012-SN,N,N,N
4012-SW,N,N,N
4012-WLI,N,N,N
4012-WPC,N,N,N
4020-101,N,N,Y
4020-102,N,N,Y
4020-103,N,N,Y
4020-104,N,N,Y
4020-106,N,N,Y
4020-112,N,N,Y
4020-113,N,N,Y
4020-120GL,N,N,N
4020-18GB,N,N,N
4020-L05,N,N,Y
4020-L17,N,N,Y
4020-L20,N,N,Y
4020-L22,N,N,Y
4020-M07,N,N,Y
4020-M08,N,N,Y
4020-MET-06,N,N,Y
4020-MET-07,N,N,Y
4020-MT-08,N,N,N
4020-MT-30,N,N,N
4020-NLI,N,N,N
4020-NPC,N,N,N
4020-SN,N,N,Y
4020-SW,N,N,Y
4020-WLI,N,N,N
4020-WPC,N,N,N
4030-101,N,N,Y
4030-102,N,N,Y
4030-103,N,N,Y
4030-104,N,N,Y
4030-106,N,N,Y
4030-112,N,N,Y
4030-113,N,N,Y
4030-120GL,N,N,N
4030-18GB,N,N,Y
4030-L05,N,N,Y
4030-L17,N,N,Y
4030-L20,N,N,Y
4030-L22,N,N,Y
4030-MET-06,N,N,Y
4030-MET-07,N,N,Y
4030-MT-08,N,N,Y
4030-MT-30,N,N,Y
4030-NLI,N,N,N
4030-NPC,N,N,N
4030-SN,N,N,Y
4030-SW,N,N,Y
4030-WLI,N,N,N
4030-WPC,N,N,N
4040-101,N,N,Y
4040-102,N,N,Y
4040-103,N,N,Y
4040-104,N,N,Y
4040-106,N,N,Y
4040-112,N,N,Y
4040-113,N,N,Y
4040-120GL,N,N,Y
4040-120W,N,N,Y
4040-18GB,N,N,Y
4040-BLI,N,N,Y
4040-GB,N,N,Y
4040-L05,N,N,Y
4040-L17,N,N,Y
4040-L20,N,N,Y
4040-L22,N,N,Y
4040-M07,N,N,Y
4040-M08,N,N,Y
4040-MET-06,N,N,Y
4040-MET-07,N,N,Y
4040-MET-08,N,N,Y
4040-MET-30,N,N,Y
4040-NPC,N,N,Y
4040-SN,N,N,Y
4040-SW,N,N,Y
4040-WPC,N,N,Y
4060-18GB,N,N,N
4060-SN,N,N,Y
4060-SW,N,N,Y
4121,N,N,Y
4125,N,N,Y
4132,N,N,Y
4142,N,N,Y
4147,N,N,Y
41520,N,N,Y
4153,N,N,Y
4161,N,N,Y
4162,N,N,Y
4166,N,N,Y
41823,N,N,Y
4190,N,N,Y
4247,N,N,Y
4259,N,N,Y
4261-11,N,N,Y
4340-W,N,N,Y
43430,N,N,Y
43455,N,N,Y
43463,N,N,Y
43489,N,N,Y
43539,N,N,Y
43554,N,N,Y
43604,N,N,Y
43675,N,N,Y
43687,N,N,Y
43703,N,N,Y
43984,N,N,Y
44410,N,N,Y
45146,N,N,Y
45161,N,N,Y
45179,N,N,Y
45195,N,N,Y
45203,N,N,Y
45313,N,N,N
45315,N,N,Y
4561-01,N,N,Y
45622,N,N,N
45626,N,N,Y
45641,N,N,N
45643,N,N,N
45664,N,N,Y
46CJ,N,N,Y
46FG,N,N,Y
46FO,N,N,Y
46FP,N,N,Y
46FY,N,N,Y
46PB,N,N,Y
46PG,N,N,Y
46PO,N,N,Y
46PP,N,N,Y
46PY,N,N,Y
46W,N,N,Y
479,N,N,Y
47962,N,N,N
4820-06,N,N,Y
4820-07,N,N,Y
4820-GB,N,N,Y
4820-GK,N,N,Y
4855-WPC,N,N,Y
4860-00,N,N,Y
4860-25,N,N,N
4860-27,N,N,Y
4860-31,N,N,Y
4860-80W,N,N,Y
4860-BLI,N,N,Y
4860-CLR,N,N,Y
4860-SN,N,N,Y
4860-WPC,N,N,Y
48643,N,N,Y
4865-00,N,N,Y
4865-70W,N,N,Y
4865-CLR,N,N,Y
4865-SBW,N,N,Y
4865-SG,N,N,Y
4865-WCN,N,N,N
4865-WGV,N,N,Y
4865-WPQ,N,N,N
4870-00,N,N,Y
4870-21,N,N,Y
4870-31,N,N,Y
4870-SBW,N,N,Y
4870-SG,N,N,Y
4870-WCN,N,N,Y
4870-WGV,N,N,Y
4870-WPP,N,N,Y
4870-WPQ,N,N,Y
4872-01,N,N,Y
4872-06,N,N,Y
4872-08,N,N,Y
4872-30,N,N,Y
4872-M07,N,N,Y
4872-M08,N,N,Y
4872-M09,N,N,N
4872-WCN,N,N,N
4872-WGV,N,N,Y
4872-WPQ,N,N,N
4875-00,N,N,Y
4875-31,N,N,Y
4875-CLR,N,N,Y
4875-M07,N,N,Y
4875-M08,N,N,Y
4875-SBW,N,N,Y
4875-SG,N,N,Y
4875-SN,N,N,Y
4875-SW,N,N,Y
4875-WCN,N,N,N
4875-WGV,N,N,Y
4875-WLI,N,N,Y
4875-WPC,N,N,Y
4875-WPP,N,N,Y
4875-WPQ,N,N,N
4880-00,N,N,Y
4880-31,N,N,Y
4880-CLR,N,N,Y
4880-SBW,N,N,Y
4880-SG,N,N,Y
4880-WCN,N,N,N
4880-WGV,N,N,Y
4880-WPQ,N,N,N
4880V-01,N,N,Y
4885-00,N,N,Y
4885-21,N,N,Y
4885-27,N,N,Y
4890-00,N,N,Y
4890-31,N,N,Y
4890-WPP,N,N,Y
4892-B,N,N,Y
4892-GB,N,N,Y
4892-GK,N,N,Y
4892-W,N,N,Y
4894-06,N,N,Y
4894-07,N,N,Y
4894-GB,N,N,Y
4894-MK,N,N,N
4895-00,N,N,Y
4895-BLI,N,N,Y
4895-GB,N,N,Y
4895-GL,N,N,Y
4895-WCN,N,N,N
4895-WGV,N,N,Y
4895-WPC,N,N,Y
4895-WPP,N,N,Y
4895-WPQ,N,N,N
4897-NLI,N,N,Y
4897-WLI,N,N,Y
4899-BLI,N,N,Y
4899-NLI,N,N,Y
4899-WLI,N,N,Y
49420,N,N,Y
49783,N,N,Y
4995-GB,N,N,Y
49F-BLI,N,N,Y
49F-NLI,N,N,Y
49F-W,N,N,Y
49F-WLI,N,N,Y
4BAR-06,N,N,Y
4BAR-07,N,N,Y
4BAR-B,N,N,Y
4BAR-BLI,N,N,Y
4BAR-GB,N,N,Y
4BAR-NLI,N,N,Y
4BAR-SBW,N,N,Y
4BAR-SG,N,N,Y
4BAR-SN,N,N,Y
4BAR-WLI,N,N,Y
5010-100GL,N,N,N
5010-MT-08,N,N,N
5010-MT-30,N,N,N
5010-NLI,N,N,N
5010-NPC,N,N,N
5010-SN,N,N,Y
5010-SW,N,N,Y
5010-WLI,N,N,N
5010-WPC,N,N,N
5020-100GL,N,N,N
5020-MT-08,N,N,N
5020-MT-30,N,N,N
5020-NLI,N,N,N
5020-NPC,N,N,N
5020-SN,N,N,Y
5020-SW,N,N,Y
5020-WLI,N,N,N
5020-WPC,N,N,N
5030-100GL,N,N,N
5030-MET-28,N,N,N
5030-MT-08,N,N,N
5030-MT-30,N,N,N
5030-NLI,N,N,N
5030-NPC,N,N,N
5030-SN,N,N,Y
5030-SW,N,N,Y
5030-WLI,N,N,N
5030-WPC,N,N,N
5040-96,N,N,Y
5040-97,N,N,Y
5040-98,N,N,Y
5040-99,N,N,Y
5040-BLI,N,N,Y
5040-GB,N,N,Y
5040-MET-08,N,N,Y
5040-MET-30,N,N,Y
5040-MET-M07,N,N,Y
5040-MET-M08,N,N,Y
5040-NLI,N,N,Y
5040-NPC,N,N,Y
5040-SBW,N,N,Y
5040-SG,N,N,Y
5040-SN,N,N,Y
5040-SW,N,N,Y
5040-WLI,N,N,Y
5040-WPC,N,N,Y
5060-SN,N,N,Y
5060-SW,N,N,Y
5070,N,N,Y
5080-06,N,N,Y
5080-07,N,N,Y
5080-08,N,N,Y
5080-30,N,N,Y
5080-BLI,N,N,Y
5080-NLI,N,N,Y
5080-NPC,N,N,Y
5080-SN,N,N,Y
5080-SW,N,N,Y
5080-WLI,N,N,Y
5080-WPC,N,N,Y
512BAR-06,N,N,Y
512BAR-07,N,N,Y
512BAR-B,N,N,Y
512BAR-BLI,N,N,Y
512BAR-GB,N,N,Y
512BAR-NLI,N,N,Y
512BAR-SBW,N,N,Y
512BAR-SG,N,N,Y
512BAR-SN,N,N,Y
512BAR-WLI,N,N,Y
512CO-06,N,N,Y
512CO-07,N,N,Y
512CO-28BK,N,N,N
512CO-28GK,N,N,N
512CO-28W,N,N,N
512CO-BO,N,N,Y
512CO-BP,N,N,Y
512CO-M07,N,N,N
512CO-M08,N,N,N
512CO-M09,N,N,N
512CO-MK,N,N,N
51384,N,N,Y
514SFT-120GL,N,N,N
514SFT-MT-08,N,N,N
514SFT-MT-30,N,N,N
514SFT-N,N,N,N
514SFT-NLI,N,N,N
514SFT-NPC,N,N,N
514SFT-SN,N,N,N
514SFT-SW,N,N,N
514SFT-W,N,N,N
514SFT-WLI,N,N,N
514SFT-WPC,N,N,N
51867-MI,N,N,Y
5350-06,N,N,Y
5350-07,N,N,Y
5350-20,N,N,Y
5360-02,N,N,Y
5360-04,N,N,Y
5360-06,N,N,Y
5360-07,N,N,Y
5360-08,N,N,Y
5360-M07,N,N,Y
5360-M08,N,N,Y
5365-02,N,N,Y
5365-04,N,N,Y
5365-06,N,N,Y
5365-07,N,N,Y
5365-08,N,N,Y
5365-30,N,N,Y
5365-M07,N,N,Y
5365-M08,N,N,Y
5365-M09,N,N,Y
5370-02,N,N,Y
5370-04,N,N,Y
5370-06,N,N,Y
5370-07,N,N,Y
5370-08,N,N,Y
5370-30,N,N,Y
5370-CLR,N,N,Y
5370-M07,N,N,Y
5370-M08,N,N,Y
5370-M09,N,N,Y
5375-02,N,N,Y
5375-04,N,N,Y
5375-06,N,N,Y
5375-07,N,N,Y
5375-08,N,N,Y
5380-02,N,N,Y
5380-04,N,N,Y
5380-06,N,N,Y
5380-07,N,N,Y
5380-08,N,N,Y
5380-24,N,N,Y
5380-M07,N,N,Y
5380-M08,N,N,Y
5380-M09,N,N,N
539,N,N,Y
5395-02,N,N,Y
5395-04,N,N,Y
5395-06,N,N,Y
5395-07,N,N,Y
5395-08,N,N,Y
54164,N,N,Y
54197,N,N,N
55845,N,N,Y
57633,N,N,Y
57909,N,N,Y
57FD-100GL,N,N,N
57FD-MT-08,N,N,N
57FD-MT-30,N,N,N
57FD-N,N,N,N
57FD-NLI,N,N,N
57FD-NPC,N,N,N
57FD-SN,N,N,N
57FD-SW,N,N,N
57FD-W,N,N,N
57FD-WLI,N,N,N
57FD-WPC,N,N,N
57FT-120GL,N,N,N
57FT-MT-08,N,N,N
57FT-MT-30,N,N,N
57FT-N,N,N,N
57FT-NLI,N,N,N
57FT-NPC,N,N,N
57FT-SN,N,N,N
57FT-SW,N,N,N
57FT-W,N,N,N
57FT-WLI,N,N,N
57FT-WPC,N,N,N
5850-01,N,N,Y
5865-01,N,N,Y
5869-01,N,N,Y
5870-01,N,N,Y
5875-01,N,N,Y
5880-01,N,N,Y
5885-01,N,N,Y
5890-01,N,N,Y
5895-01,N,N,Y
5SFT-120GL,N,N,N
5SFT-MT-08,N,N,N
5SFT-MT-30,N,N,N
5SFT-N,N,N,N
5SFT-NLI,N,N,N
5SFT-NPC,N,N,N
5SFT-SN,N,N,N
5SFT-SW,N,N,N
5SFT-W,N,N,N
5SFT-WLI,N,N,N
5SFT-WPC,N,N,N
6025-01,N,N,Y
6075-01,N,N,Y
6095-01,N,N,Y
60CJ,N,N,Y
60FG,N,N,Y
60FO,N,N,Y
60FP,N,N,Y
60FY,N,N,Y
60GF,N,N,Y
60PB,N,N,Y
60PG,N,N,Y
60PO,N,N,Y
60PP,N,N,Y
60PY,N,N,Y
60SF,N,N,Y
60W,N,N,Y
61112-24BK,N,N,Y
61112-28BK,N,N,Y
61112-70W,N,N,Y
61112-B,N,N,Y
61112-GB,N,N,Y
61112-GK,N,N,Y
614GF-06,N,N,Y
614GF-07,N,N,Y
614GF-08,N,N,Y
614GF-30,N,N,Y
614GF-80N,N,N,Y
614GF-80W,N,N,Y
614GF-BLI,N,N,Y
614GF-GB,N,N,Y
614GF-NLI,N,N,Y
614GF-NPC,N,N,Y
614GF-SN,N,N,Y
614GF-SW,N,N,Y
614GF-WLI,N,N,Y
614GF-WPC,N,N,Y
614PTLGB,N,N,Y
614SFT-120GL,N,N,N
614SFT-MT-08,N,N,N
614SFT-MT-30,N,N,N
614SFT-N,N,N,N
614SFT-NLI,N,N,N
614SFT-NPC,N,N,N
614SFT-W,N,N,N
614SFT-WLI,N,N,N
614SFT-WPC,N,N,N
614SQFLD-SN,N,N,Y
614SQFLD-SW,N,N,Y
614SQFLT-SN,N,N,Y
614SQFLT-SW,N,N,Y
614ZF-06,N,N,Y
614ZF-07,N,N,Y
614ZF-08,N,N,Y
614ZF-30,N,N,Y
614ZF-80N,N,N,Y
614ZF-80W,N,N,Y
614ZF-BLI,N,N,Y
614ZF-GB,N,N,N
614ZF-NLI,N,N,Y
614ZF-NPC,N,N,Y
614ZF-SN,N,N,Y
614ZF-SW,N,N,Y
614ZF-WLI,N,N,Y
614ZF-WPC,N,N,Y
61532,N,N,Y
61537,N,N,Y
61538,N,N,Y
61597,N,N,Y
62455,N,N,Y
65896,N,N,Y
66456,N,N,Y
66464,N,N,Y
67781,N,N,Y
69342,N,N,Y
69GB,N,N,N
71414,N,N,Y
72634,N,N,Y
72637,N,N,Y
7285-01,N,N,Y
72900,N,N,Y
72932,N,N,Y
72973-01,N,N,Y
72975,N,N,Y
7305-01,N,N,Y
73228,N,N,N
73286,N,N,Y
73821,N,N,Y
73832,N,N,Y
74019,N,N,N
7450,N,N,Y
7450-24BK,N,N,N
7450-28W,N,N,N
7450-B,N,N,N
7450-GB,N,N,N
7450-GK,N,N,Y
7485-W2,N,N,Y
7486-W2,N,N,Y
7487-W2,N,N,Y
74897,N,N,N
75407,N,N,N
75415,N,N,N
75431,N,N,N
75449,N,N,N
75456,N,N,N
75464,N,N,N
75514,N,N,N
75522,N,N,N
75662,N,N,N
75746,N,N,Y
75747,N,N,Y
75761,N,N,Y
75795,N,N,Y
75829,N,N,Y
75852,N,N,Y
75894,N,N,Y
75902,N,N,Y
75928,N,N,Y
75936,N,N,Y
75944,N,N,Y
76297,N,N,Y
76699,N,N,Y
77012,N,N,Y
7716-28BK,N,N,N
7716-28W,N,N,N
7716-GK,N,N,Y
77771,N,N,N
780CJ,N,N,Y
780FG,N,N,Y
780FO,N,N,Y
780FP,N,N,Y
780FY,N,N,Y
780GF,N,N,Y
780PB,N,N,Y
780PG,N,N,Y
780PO,N,N,Y
780PP,N,N,Y
780PY,N,N,Y
780SF,N,N,Y
780W,N,N,Y
78232,N,N,N
78642,N,N,Y
79249,N,N,Y
7955,N,N,Y
7CO-B,N,N,Y
7CO-GB,N,N,Y
7CO-M06,N,N,Y
7CO-M07,N,N,Y
7CO-MK,N,N,N
80132-MI,N,N,Y
80428,N,N,Y
80770,N,N,Y
81211-C-03,N,N,Y
81211-C-04,N,N,Y
81211-C-05,N,N,Y
81211-C-06,N,N,Y
81211-C-07,N,N,Y
81211-C-08,N,N,Y
81211-C-100,N,N,N
81211-C-100W,N,N,N
81211-C-101,N,N,Y
81211-C-102,N,N,Y
81211-C-104,N,N,Y
81211-C-106,N,N,Y
81211-C-112,N,N,Y
81211-C-113,N,N,Y
81211-C-130W,N,N,Y
81211-C-18GB,N,N,Y
81211-C-196,N,N,Y
81211-C-197,N,N,Y
81211-C-198,N,N,Y
81211-C-199,N,N,Y
81211-C-BLI,N,N,Y
81211-C-L05,N,N,Y
81211-C-L07,N,N,Y
81211-C-L17,N,N,Y
81211-C-L20,N,N,Y
81211-C-L22,N,N,Y
81211-C-M07,N,N,Y
81211-C-M08,N,N,Y
81211-C-SN,N,N,Y
81211-C-SW,N,N,Y
81211-P-01,N,N,Y
81211-P-02,N,N,Y
81211-P-03,N,N,Y
81211-P-04,N,N,Y
81211-P-05,N,N,Y
81211-P-06,N,N,Y
81211-P-07,N,N,Y
81211-P-08,N,N,Y
81211-P-100,N,N,N
81211-P-101,N,N,Y
81211-P-102,N,N,Y
81211-P-104,N,N,Y
81211-P-106,N,N,Y
81211-P-112,N,N,Y
81211-P-113,N,N,Y
81211-P-196,N,N,Y
81211-P-197,N,N,Y
81211-P-198,N,N,Y
81211-P-199,N,N,Y
81211-P-24IJ,N,N,Y
81211-P-30,N,N,Y
81211-P-32IJ,N,N,Y
81211-P-73,N,N,Y
81211-P-81,N,N,Y
81211-P-BLI,N,N,Y
81211-P-L05,N,N,Y
81211-P-L07,N,N,Y
81211-P-L17,N,N,Y
81211-P-L20,N,N,Y
81211-P-L22,N,N,Y
81211-P-M07,N,N,Y
81211-P-M08,N,N,Y
81211-P-M09,N,N,Y
81211-P-SBW,N,N,Y
81211-P-SG,N,N,Y
81211-P-SN,N,N,Y
81211-P-SW,N,N,Y
81211-P-WCN,N,N,Y
81211-P-WGV,N,N,Y
81211-P-WPQ,N,N,Y
81211C-184SN,N,N,Y
81211C-236SBW,N,N,Y
81211C-236SN,N,N,Y
81214-C-10,N,N,Y
81214-C-101,N,N,Y
81214-C-102,N,N,Y
81214-C-103,N,N,Y
81214-C-104,N,N,Y
81214-C-106,N,N,Y
81214-C-11,N,N,Y
81214-C-112,N,N,Y
81214-C-113,N,N,Y
81214-C-12,N,N,Y
81214-C-13,N,N,Y
81214-C-14,N,N,Y
81214-C-15,N,N,Y
81214-C-17,N,N,Y
81214-C-18,N,N,Y
81214-C-22,N,N,Y
81214-C-23,N,N,Y
81214-C-25,N,N,N
81214-C-26,N,N,Y
81214-C-L05,N,N,Y
81214-C-L07,N,N,Y
81214-C-L17,N,N,Y
81214-C-L20,N,N,Y
81214-C-L22,N,N,Y
81214-P-10,N,N,Y
81214-P-101,N,N,Y
81214-P-102,N,N,Y
81214-P-103,N,N,Y
81214-P-104,N,N,Y
81214-P-106,N,N,Y
81214-P-11,N,N,Y
81214-P-112,N,N,Y
81214-P-113,N,N,Y
81214-P-12,N,N,Y
81214-P-13,N,N,Y
81214-P-14,N,N,Y
81214-P-15,N,N,Y
81214-P-17,N,N,Y
81214-P-18,N,N,Y
81214-P-22,N,N,Y
81214-P-23,N,N,Y
81214-P-25,N,N,N
81214-P-26,N,N,Y
81214-P-60T15,N,N,Y
81214-P-L05,N,N,Y
81214-P-L07,N,N,Y
81214-P-L17,N,N,Y
81214-P-L20,N,N,Y
81214-P-L22,N,N,Y
8151,N,N,Y
8193,N,N,Y
82064,N,N,Y
8250,N,N,Y
82520,N,N,Y
82624,N,N,Y
83478,N,N,Y
8375,N,N,Y
8383,N,N,Y
8444,N,N,Y
84477,N,N,Y
84477W,N,N,Y
84485,N,N,Y
84793,N,N,Y
8503-01,N,N,Y
8503-06,N,N,Y
8503-07,N,N,Y
8503-103,N,N,Y
8503-18,N,N,Y
8503-B,N,N,Y
8503-M07,N,N,Y
8503-M08,N,N,Y
8504-01,N,N,Y
8504-06,N,N,Y
8504-07,N,N,Y
8504-103,N,N,Y
8504-18,N,N,Y
8504-B,N,N,Y
8505-03,N,N,Y
8505-06,N,N,Y
8505-07,N,N,Y
8505-80W,N,N,Y
8505-CLR,N,N,Y
8510-01,N,N,Y
8510-06,N,N,Y
8510-07,N,N,Y
8510-70W,N,N,Y
8510-BLI,N,N,Y
8510-GB,N,N,Y
8510-NLI,N,N,Y
8510-SW,N,N,Y
8510-WLI,N,N,Y
8510-WPC,N,N,Y
8515-03,N,N,Y
8515-06,N,N,N
8515-07,N,N,N
8515-75,N,N,Y
8515-77,N,N,Y
8515-78,N,N,Y
8515-80W,N,N,Y
8515-81,N,N,Y
8515-CLR,N,N,Y
8515-M07,N,N,N
8515-M08,N,N,N
8515-M09,N,N,N
8520-01,N,N,Y
8520-06,N,N,Y
8520-07,N,N,Y
8525-03,N,N,Y
8525-12,N,N,Y
8525-15,N,N,Y
8525-18,N,N,Y
8525-20,N,N,Y
8525-50,N,N,N
8525-80W,N,N,Y
8525-BLI,N,N,Y
8525-GB,N,N,Y
8525-NLI,N,N,Y
8525-NPC,N,N,Y
8525-SN,N,N,Y
8525-SW,N,N,Y
8525-WLI,N,N,Y
8525-WPC,N,N,Y
8530-01,N,N,Y
8530-06,N,N,Y
8530-07,N,N,Y
8530-CLR,N,N,Y
8535-02,N,N,Y
8535-03,N,N,Y
8535-04,N,N,Y
8535-06,N,N,Y
8535-07,N,N,Y
8535-08,N,N,Y
8535-71,N,N,Y
8535-75,N,N,Y
8535-80W,N,N,Y
8535-81,N,N,Y
8535-CLR,N,N,Y
8545-03,N,N,Y
8545-06,N,N,Y
8545-07,N,N,Y
8555-03,N,N,Y
8555-06,N,N,N
8555-07,N,N,N
8555-50,N,N,N
8555-GB,N,N,Y
85629,N,N,Y
8565-03,N,N,Y
8565-06,N,N,Y
8565-07,N,N,Y
8575-03,N,N,Y
8575-06,N,N,Y
8575-07,N,N,Y
8575-50,N,N,N
8575-GB,N,N,Y
8585-03,N,N,Y
8585-06,N,N,Y
8585-07,N,N,Y
8595-03,N,N,Y
8631,N,N,Y
86339,N,N,N
86560,N,N,Y
87477,N,N,Y
87512,N,N,N
87519,N,N,Y
87543,N,N,Y
87812,N,N,Y
87881,N,N,Y
88095,N,N,Y
88342,N,N,Y
8847,N,N,Y
89176,N,N,Y
90014,N,N,Y
912GB,N,N,Y
91975,N,N,Y
91W,N,N,Y
92019,N,N,Y
92021,N,N,Y
92031,N,N,Y
9252,N,N,Y
9258,N,N,Y
92663,N,N,Y
92912,N,N,Y
93839,N,N,Y
93961,N,N,Y
93979,N,N,Y
94680,N,N,Y
94714,N,N,Y
94755,N,N,Y
94771,N,N,Y
94813,N,N,Y
94839,N,N,Y
94888,N,N,Y
94904,N,N,Y
94946,N,N,Y
94961,N,N,Y
95000,N,N,Y
95026,N,N,Y
95034,N,N,N
95067,N,N,Y
95083,N,N,Y
95125,N,N,Y
95447,N,N,N
95538,N,N,Y
9662,N,N,Y
96740,N,N,Y
96CJ,N,N,Y
96FG,N,N,Y
96FO,N,N,Y
96FP,N,N,Y
96FY,N,N,Y
96PB,N,N,Y
96PG,N,N,Y
96PO,N,N,Y
96PP,N,N,Y
96PY,N,N,Y
96W,N,N,Y
97767,N,N,Y
98156,N,N,Y
9878,N,N,Y
99406,N,N,Y
99977,N,N,Y
9WIN-LS01,N,N,N
A1CN,N,N,Y
A1CW,N,N,Y
A1FN,N,N,Y
A1FW,N,N,Y
A2CN,N,N,Y
A2CW,N,N,Y
A2FN,N,N,Y
A2FW,N,N,Y
A6CN,N,N,Y
A6CW,N,N,Y
A6FN,N,N,Y
A6FW,N,N,Y
A7CN,N,N,Y
A7CW,N,N,Y
A7FFW-28W,N,N,Y
A7FFW-B,N,N,Y
A7FFW-GB,N,N,Y
A7FN,N,N,Y
A7FW,N,N,Y
A7GF-06,N,N,Y
A7GF-07,N,N,Y
A7GF-08,N,N,Y
A7GF-30,N,N,Y
A7GF-80N,N,N,Y
A7GF-80W,N,N,Y
A7GF-BLI,N,N,Y
A7GF-GB,N,N,Y
A7GF-NLI,N,N,Y
A7GF-NPC,N,N,Y
A7GF-SN,N,N,Y
A7GF-SW,N,N,Y
A7GF-WLI,N,N,Y
A7GF-WPC,N,N,Y
A7PKTGB,N,N,Y
A7PTLGB,N,N,N
A7ZF-06,N,N,Y
A7ZF-07,N,N,Y
A7ZF-08,N,N,Y
A7ZF-30,N,N,Y
A7ZF-80N,N,N,Y
A7ZF-80W,N,N,Y
A7ZF-BLI,N,N,Y
A7ZF-GB,N,N,Y
A7ZF-NLI,N,N,Y
A7ZF-NPC,N,N,Y
A7ZF-SN,N,N,Y
A7ZF-SW,N,N,Y
A7ZF-WLI,N,N,Y
A7ZF-WPC,N,N,Y
AIR378-103,N,N,Y
AIR378-18,N,N,Y
AIR378-70W,N,N,Y
AIR378-B,N,N,Y
AIR378-M06,N,N,Y
AIR378-M07,N,N,Y
BC-120GL,N,N,N
BC-MT-08,N,N,N
BC-MT-30,N,N,N
BC-N,N,N,N
BC-NLI,N,N,N
BC-NPC,N,N,N
BC-SN,N,N,N
BC-SW,N,N,N
BC-W,N,N,N
BC-WLI,N,N,N
BC-WPC,N,N,N
BC23-41,N,N,N
BC4010-06,N,N,Y
BC4010-07,N,N,Y
BC4010-102,N,N,Y
BC4010-11,N,N,Y
BC4010-14,N,N,Y
BC4010-18,N,N,Y
BC4010-22,N,N,Y
BC4010-27,N,N,Y
BC4010-B,N,N,Y
BC4040-06,N,N,Y
BC4040-07,N,N,Y
BC4040-102,N,N,Y
BC4040-11,N,N,Y
BC4040-14,N,N,Y
BC4040-18,N,N,Y
BC4040-22,N,N,Y
BC4040-27,N,N,Y
BC4040-B,N,N,Y
BP-101010,N,N,N
BP-101010W,N,N,N
BP-121212,N,N,N
BP-121212W,N,N,N
BP-141414,N,N,N
BP-141414W,N,N,N
BP-161616,N,N,N
BP-161616W,N,N,N
BP-181818,N,N,N
BP-181818W,N,N,N
BP-202020,N,N,N
BP-202020W,N,N,N
BP-242424,N,N,N
BP-242424W,N,N,N
BP-444,N,N,N
BP-444W,N,N,N
BP-666,N,N,N
BP-666W,N,N,N
BP-888,N,N,N
BP-888W,N,N,N
BP-CPM1215BK,N,N,N
BP-CPM1215BL,N,N,N
BP-CPM1215R,N,N,N
BP-CPM1215Y,N,N,N
BP-CPM1419BK,N,N,N
BP-CPM1419BL,N,N,N
BP-CPM1419R,N,N,N
BP-CPM1419Y,N,N,N
BP-EN1091,N,N,Y
BP-EN1095,N,N,Y
BP-EN1096,N,N,Y
BP-EN1097,N,N,Y
BP-INM1115,N,N,Y
BP-INM1217,N,N,Y
BP-INM610,N,N,Y
BP-INM665,N,N,Y
BP-INM811,N,N,Y
BP-M1018K,N,N,N
BP-M1081,N,N,N
BP-M1182,N,N,N
BP-M1182K,N,N,N
BP-M1184,N,N,N
BP-M1184K,N,N,N
BP-M1291K,N,N,N
BP-M12932BFK,N,N,N
BP-M13104,N,N,N
BP-M2BK,N,N,N
BP-M442,N,N,N
BP-M442K,N,N,N
BP-M643,N,N,N
BP-M643K,N,N,N
BP-M742,N,N,N
BP-M742K,N,N,N
BP-M843,N,N,N
BP-M843K,N,N,N
BP-P2012B,N,N,Y
BP-P2012BL,N,N,Y
BP-P2012G,N,N,Y
BP-P2012GO,N,N,Y
BP-P2012K,N,N,Y
BP-P2012R,N,N,Y
BP-P2012W,N,N,Y
BP-P2012Y,N,N,Y
BP-P2018B,N,N,Y
BP-P2018BL,N,N,Y
BP-P2018G,N,N,Y
BP-P2018GO,N,N,Y
BP-P2018K,N,N,Y
BP-P2018R,N,N,Y
BP-P2018W,N,N,Y
BP-P2018Y,N,N,Y
BP-P2024B,N,N,Y
BP-P2024BL,N,N,Y
BP-P2024G,N,N,Y
BP-P2024GO,N,N,Y
BP-P2024K,N,N,Y
BP-P2024R,N,N,Y
BP-P2024W,N,N,Y
BP-P2024Y,N,N,Y
BP-P3024B,N,N,N
BP-P3024BL,N,N,Y
BP-P3024G,N,N,N
BP-P3024GO,N,N,Y
BP-P3024K,N,N,Y
BP-P3024R,N,N,N
BP-P3024W,N,N,Y
BP-P3024Y,N,N,N
BP-P3026K,N,N,N
BP-P3026W,N,N,N
BP-P3036B,N,N,N
BP-P3036BL,N,N,N
BP-P3036G,N,N,N
BP-P3036GO,N,N,N
BP-P3036K,N,N,N
BP-P3036R,N,N,N
BP-P3036W,N,N,N
BP-P3036Y,N,N,N
BP-P4036K,N,N,N
BP-P4036W,N,N,N
BP-P4048K,N,N,N
BP-P4048W,N,N,N
BP-PL13,N,N,N
BP-PL145,N,N,N
BP-PL17,N,N,N
BP-PL23,N,N,N
BP-PL420,N,N,N
BP-PL463,N,N,N
BP-RM10K,N,N,N
BP-RM1K,N,N,N
BP-RM2K,N,N,N
BP-RM3K,N,N,N
BP-RM4K,N,N,N
BP-RM5K,N,N,N
BP-RM9K,N,N,N
BP-TYC1013B,N,N,N
BP-TYC1013G,N,N,N
BP-TYC1013R,N,N,N
BP-TYC1013S,N,N,N
BP-TYC1013Y,N,N,N
BP-TYC912B,N,N,N
BP-TYC912G,N,N,N
BP-TYC912R,N,N,N
BP-TYC912S,N,N,N
BP-TYC912Y,N,N,N
CC9x12,N,N,Y
CF4880-06,N,N,Y
CF4880-07,N,N,Y
CF4880-CTM,N,N,N
CON-912F-100W,N,N,N
CON-912F-BLI,N,N,N
CON-912F-DBLI,N,N,N
CON-912F-NLI,N,N,N
CON-912F-WLI,N,N,N
CON-CMP,N,N,Y
CON-CMT,N,N,Y
CON-HDC1,N,N,Y
CON-HDC2,N,N,Y
CON-HDC3,N,N,Y
CON-PM1,N,N,Y
CON-PM2,N,N,Y
CS1865-06,N,N,Y
CS1865-07,N,N,Y
CS1865-11,N,N,Y
CS1880-06,N,N,Y
CS1880-07,N,N,Y
CUR-00,N,N,Y
CV900,N,N,Y
DBC23-41,N,N,N
DN4865-01,N,N,Y
DN4875-02,N,N,Y
E4820-00,N,N,Y
E4845-00,N,N,Y
E4894-00,N,N,Y
E4895-00,N,N,Y
E4898-00,N,N,Y
EN6302,N,N,Y
ET4865-14,N,N,Y
ET4870-16,N,N,Y
ET4875-08,N,N,Y
ET4880-02,N,N,Y
EX-04PF-BLC,N,N,N
EX-04PF-LC1,N,N,N
EX-04PF-LC2,N,N,N
EX-1820-18,N,N,Y
EX-525PC-BLC,N,N,N
EX-525PC-LC1,N,N,N
EX-525PC-LC2,N,N,N
EX-526PC-BLC,N,N,N
EX-526PC-LC1,N,N,N
EX-526PC-LC2,N,N,N
EX-527PC-BLC,N,N,N
EX-527PC-LC1,N,N,N
EX-527PC-LC2,N,N,N
EX-528PC-BLC,N,N,N
EX-528PC-LC1,N,N,N
EX-528PC-LC2,N,N,N
EX-529PC-BLC,N,N,N
EX-529PC-LC1,N,N,N
EX-529PC-LC2,N,N,N
EX-530PC-BLC,N,N,N
EX-530PC-LC1,N,N,N
EX-530PC-LC2,N,N,N
EX-531PC-BLC,N,N,N
EX-531PC-LC1,N,N,N
EX-531PC-LC2,N,N,N
EX-532PC-BLC,N,N,N
EX-532PC-LC1,N,N,N
EX-532PC-LC2,N,N,N
EX-536PC-BLC,N,N,N
EX-536PC-LC1,N,N,N
EX-536PC-LC2,N,N,N
EX-537PC-BLC,N,N,N
EX-537PC-LC1,N,N,N
EX-537PC-LC2,N,N,N
EX-538PC-BLC,N,N,N
EX-538PC-LC1,N,N,N
EX-538PC-LC2,N,N,N
EX-541PC-BLC,N,N,N
EX-541PC-LC1,N,N,N
EX-541PC-LC2,N,N,N
EX-543PC-BLC,N,N,N
EX-543PC-LC1,N,N,N
EX-543PC-LC2,N,N,N
EX-600PF-BLC,N,N,N
EX-600PF-LC1,N,N,N
EX-600PF-LC2,N,N,N
EX-601PF-BLC,N,N,N
EX-601PF-LC1,N,N,N
EX-601PF-LC2,N,N,N
EX-602PF-BLC,N,N,N
EX-602PF-LC1,N,N,N
EX-602PF-LC2,N,N,N
EX-603PF-BLC,N,N,N
EX-603PF-LC1,N,N,N
EX-603PF-LC2,N,N,N
EX-605PF-BLC,N,N,N
EX-605PF-LC1,N,N,N
EX-605PF-LC2,N,N,N
EX-606PF-BLC,N,N,N
EX-606PF-LC1,N,N,N
EX-606PF-LC2,N,N,N
EX-607PF-BLC,N,N,N
EX-607PF-LC1,N,N,N
EX-607PF-LC2,N,N,N
EX-611PF-BLC,N,N,N
EX-611PF-LC1,N,N,N
EX-611PF-LC2,N,N,N
EX-612PF-BLC,N,N,N
EX-612PF-LC1,N,N,N
EX-612PF-LC2,N,N,N
EX-613PF-BLC,N,N,N
EX-613PF-LC1,N,N,N
EX-613PF-LC2,N,N,N
EX-616PF-BLC,N,N,N
EX-616PF-LC1,N,N,N
EX-616PF-LC2,N,N,N
EX-618PF-BLC,N,N,N
EX-618PF-LC1,N,N,N
EX-618PF-LC2,N,N,N
EX-624PF-BLC,N,N,N
EX-624PF-LC1,N,N,N
EX-624PF-LC2,N,N,N
EX-626PF-BLC,N,N,N
EX-626PF-LC1,N,N,N
EX-626PF-LC2,N,N,N
EX-627PF-BLC,N,N,N
EX-627PF-LC1,N,N,N
EX-627PF-LC2,N,N,N
EX-BK28-BLC,N,N,N
EX-BK28-LC1,N,N,N
EX-BK28-LC2,N,N,N
EX-BL28-BLC,N,N,N
EX-BL28-LC1,N,N,N
EX-BL28-LC2,N,N,N
EX-BR28-BLC,N,N,N
EX-BR28-LC1,N,N,N
EX-BR28-LC2,N,N,N
EX-CM28-BLC,N,N,N
EX-CM28-LC1,N,N,N
EX-CM28-LC2,N,N,N
EX-CM6PF-BLC,N,N,N
EX-CM6PF-LC1,N,N,N
EX-CM6PF-LC2,N,N,N
EX-CMPC-BLC,N,N,N
EX-CMPC-LC1,N,N,N
EX-CMPC-LC2,N,N,N
EX-DR23-BLC,N,N,N
EX-DR23-LC1,N,N,N
EX-DR23-LC2,N,N,N
EX-DR28-BLC,N,N,N
EX-DR28-LC1,N,N,N
EX-DR28-LC2,N,N,N
EX-GM28-BLC,N,N,N
EX-GM28-LC1,N,N,N
EX-GM28-LC2,N,N,N
EX-GM6PF-BLC,N,N,N
EX-GM6PF-LC1,N,N,N
EX-GM6PF-LC2,N,N,N
EX-GMPC-BLC,N,N,N
EX-GMPC-LC1,N,N,N
EX-GMPC-LC2,N,N,N
EX-GO28-BLC,N,N,N
EX-GO28-LC1,N,N,N
EX-GO28-LC2,N,N,N
EX-GR28-BLC,N,N,N
EX-GR28-LC1,N,N,N
EX-GR28-LC2,N,N,N
EX-LB28-BLC,N,N,N
EX-LB28-LC1,N,N,N
EX-LB28-LC2,N,N,N
EX-LY28-BLC,N,N,N
EX-LY28-LC1,N,N,N
EX-LY28-LC2,N,N,N
EX-MG28-BLC,N,N,N
EX-MG28-LC1,N,N,N
EX-MG28-LC2,N,N,N
EX-NA28-BLC,N,N,N
EX-NA28-LC1,N,N,N
EX-NA28-LC2,N,N,N
EX-OL23-BLC,N,N,N
EX-OL23-LC1,N,N,N
EX-OL23-LC2,N,N,N
EX-OL28-BLC,N,N,N
EX-OL28-LC1,N,N,N
EX-OL28-LC2,N,N,N
EX-OR28-BLC,N,N,N
EX-OR28-LC1,N,N,N
EX-OR28-LC2,N,N,N
EX-PI28-BLC,N,N,N
EX-PI28-LC1,N,N,N
EX-PI28-LC2,N,N,N
EX-QM28-BLC,N,N,N
EX-QM28-LC1,N,N,N
EX-QM28-LC2,N,N,N
EX-QM6PF-BLC,N,N,N
EX-QM6PF-LC1,N,N,N
EX-QM6PF-LC2,N,N,N
EX-QMPC-BLC,N,N,N
EX-QMPC-LC1,N,N,N
EX-QMPC-LC2,N,N,N
EX-RE28-BLC,N,N,N
EX-RE28-LC1,N,N,N
EX-RE28-LC2,N,N,N
EX-SM28-BLC,N,N,N
EX-SM28-LC1,N,N,N
EX-SM28-LC2,N,N,N
EX-SM6PF-BLC,N,N,N
EX-SM6PF-LC1,N,N,N
EX-SM6PF-LC2,N,N,N
EX-SMPC-BLC,N,N,N
EX-SMPC-LC1,N,N,N
EX-SMPC-LC2,N,N,N
EX-TE23-BLC,N,N,N
EX-TE23-LC1,N,N,N
EX-TE23-LC2,N,N,N
EX-TE28-BLC,N,N,N
EX-TE28-LC1,N,N,N
EX-TE28-LC2,N,N,N
EX-WH28-BLC,N,N,N
EX-WH28-LC1,N,N,N
EX-WH28-LC2,N,N,N
EX10-LEBA04PF,N,N,Y
EX10-LEBA525PC,N,N,Y
EX10-LEBA526PC,N,N,Y
EX10-LEBA527PC,N,N,Y
EX10-LEBA528PC,N,N,Y
EX10-LEBA529PC,N,N,Y
EX10-LEBA530PC,N,N,Y
EX10-LEBA531PC,N,N,Y
EX10-LEBA532PC,N,N,Y
EX10-LEBA534PC,N,N,Y
EX10-LEBA536PC,N,N,Y
EX10-LEBA537PC,N,N,Y
EX10-LEBA538PC,N,N,Y
EX10-LEBA539PC,N,N,Y
EX10-LEBA541PC,N,N,Y
EX10-LEBA543PC,N,N,Y
EX10-LEBA544PC,N,N,Y
EX10-LEBA600PF,N,N,Y
EX10-LEBA601PF,N,N,Y
EX10-LEBA602PF,N,N,Y
EX10-LEBA603PF,N,N,Y
EX10-LEBA605PF,N,N,Y
EX10-LEBA606PF,N,N,Y
EX10-LEBA607PF,N,N,Y
EX10-LEBA609PF,N,N,Y
EX10-LEBA611PF,N,N,Y
EX10-LEBA612PF,N,N,Y
EX10-LEBA613PF,N,N,Y
EX10-LEBA616PF,N,N,Y
EX10-LEBA618PF,N,N,Y
EX10-LEBA624PF,N,N,Y
EX10-LEBA626PF,N,N,Y
EX10-LEBA627PF,N,N,Y
EX10-LEBA700PF,N,N,Y
EX10-LEBA701PF,N,N,Y
EX10-LEBA702PF,N,N,Y
EX10-LEBA703PF,N,N,Y
EX10-LEBA704PF,N,N,Y
EX10-LEBA705PF,N,N,Y
EX10-LEBA706PF,N,N,Y
EX10-LEBA707PF,N,N,Y
EX10-LEBA711PF,N,N,Y
EX10-LEBA712PF,N,N,Y
EX10-LEBA713PF,N,N,Y
EX10-LEBA716PF,N,N,Y
EX10-LEBA718PF,N,N,Y
EX10-LEBABK28,N,N,Y
EX10-LEBABL28,N,N,Y
EX10-LEBABR28,N,N,Y
EX10-LEBACM28,N,N,Y
EX10-LEBACM6SPF,N,N,Y
EX10-LEBACMPC,N,N,Y
EX10-LEBACMPF,N,N,Y
EX10-LEBADR23,N,N,Y
EX10-LEBADR24,N,N,Y
EX10-LEBADR28,N,N,Y
EX10-LEBAGG28,N,N,Y
EX10-LEBAGM28,N,N,Y
EX10-LEBAGM6SPF,N,N,Y
EX10-LEBAGMPC,N,N,Y
EX10-LEBARU23,N,N,Y
EX1644-25,N,N,N
EX4010-16,N,N,Y
EX4010-24,N,N,Y
EX4020-19,N,N,Y
EX4020-56,N,N,Y
EX4030-19,N,N,Y
EX4030-23,N,N,Y
EX4060-15,N,N,Y
EX4060-16,N,N,Y
EX4060-19,N,N,Y
EX4080-19,N,N,Y
EX4080-24,N,N,Y
EX5010-16,N,N,Y
EX5010-21,N,N,Y
EX5010-28,N,N,Y
EX5020-11,N,N,Y
EX5020-16,N,N,Y
EX5020-21,N,N,Y
EX5020-24,N,N,Y
EX5020-26,N,N,Y
EX5020-28,N,N,Y
EX5030-16,N,N,Y
EX5030-21,N,N,Y
EX5030-24,N,N,Y
EX5030-28,N,N,Y
EX5040-19,N,N,Y
EX5040-27,N,N,Y
EX5040-28,N,N,Y
EX5040-56,N,N,Y
EX5060-21,N,N,Y
EX5060-24,N,N,Y
EX5060-28,N,N,Y
EX8555-19,N,N,Y
EXP-0214PL,N,N,N
EXP-0215PL,N,N,N
EXP-0221PL,N,N,N
EXP-0222PL,N,N,N
EXP-0251PL,N,N,N
EXP-0257PL,N,N,N
EXP-0258PL,N,N,N
EXP-0265PL,N,N,N
EXP-0275PL,N,N,N
EXP-0282PL,N,N,N
EXP-0288PL,N,N,N
EXP-0321PL,N,N,N
EXP-0322PL,N,N,N
EXP-1607PL,N,N,N
EXP-1608PL,N,N,N
EXP-1615PL,N,N,N
EXP-1639PL,N,N,N
EXP-1651PL,N,N,N
EXP-1677PL,N,N,N
FA4010-01,N,N,Y
FA4010-02,N,N,Y
FA4010-03,N,N,Y
FA4010-04,N,N,Y
FA4010-05,N,N,Y
FA4010-06,N,N,Y
FA4010-07,N,N,Y
FA4020-01,N,N,Y
FA4020-02,N,N,Y
FA4020-03,N,N,Y
FA4020-04,N,N,Y
FA4020-05,N,N,Y
FA4020-06,N,N,Y
FA4020-07,N,N,Y
FA4030-01,N,N,Y
FA4030-02,N,N,Y
FA4030-03,N,N,Y
FA4030-04,N,N,Y
FA4030-05,N,N,Y
FA4030-06,N,N,Y
FA4030-07,N,N,Y
FA4040-01,N,N,Y
FA4040-02,N,N,Y
FA4040-03,N,N,Y
FA4040-04,N,N,Y
FA4040-05,N,N,Y
FA4040-06,N,N,Y
FA4040-07,N,N,Y
FA4060-01,N,N,Y
FA4060-02,N,N,Y
FA4060-03,N,N,Y
FA4060-04,N,N,Y
FA4060-05,N,N,Y
FA4060-06,N,N,Y
FA4060-07,N,N,Y
FA4865-01,N,N,Y
FA4865-02,N,N,Y
FA4865-03,N,N,Y
FA4865-04,N,N,Y
FA4865-05,N,N,Y
FA4865-06,N,N,Y
FA4865-07,N,N,Y
FA4870-01,N,N,Y
FA4870-02,N,N,Y
FA4870-03,N,N,Y
FA4870-04,N,N,Y
FA4870-05,N,N,Y
FA4870-06,N,N,Y
FA4870-07,N,N,Y
FA4875-01,N,N,Y
FA4875-02,N,N,Y
FA4875-03,N,N,Y
FA4875-04,N,N,Y
FA4875-05,N,N,Y
FA4875-06,N,N,Y
FA4875-07,N,N,Y
FA4880-01,N,N,Y
FA4880-02,N,N,Y
FA4880-04,N,N,Y
FA4880-05,N,N,Y
FA4880-06,N,N,Y
FA4880-07,N,N,Y
FA4895-01,N,N,Y
FA4895-02,N,N,Y
FA4895-04,N,N,Y
FA4895-05,N,N,Y
FA4895-06,N,N,Y
FA4895-07,N,N,Y
FA5010-01,N,N,Y
FA5010-02,N,N,Y
FA5010-03,N,N,Y
FA5010-04,N,N,Y
FA5010-05,N,N,Y
FA5010-06,N,N,Y
FA5010-07,N,N,Y
FA5020-01,N,N,Y
FA5020-02,N,N,Y
FA5020-03,N,N,Y
FA5020-04,N,N,Y
FA5020-05,N,N,Y
FA5020-06,N,N,Y
FA5020-07,N,N,Y
FA5030-01,N,N,Y
FA5030-02,N,N,Y
FA5030-03,N,N,Y
FA5030-04,N,N,Y
FA5030-05,N,N,Y
FA5030-06,N,N,Y
FA5030-07,N,N,Y
FA5040-01,N,N,Y
FA5040-02,N,N,Y
FA5040-03,N,N,Y
FA5040-04,N,N,Y
FA5040-05,N,N,Y
FA5040-06,N,N,Y
FA5040-07,N,N,Y
FA5060-01,N,N,Y
FA5060-02,N,N,Y
FA5060-03,N,N,Y
FA5060-04,N,N,Y
FA5060-05,N,N,Y
FA5060-06,N,N,Y
FA5060-07,N,N,Y
FA81211-02,N,N,Y
FA81211-03,N,N,Y
FA81211-04,N,N,Y
FA81211-05,N,N,Y
FA81211-06,N,N,Y
FA81211-07,N,N,Y
FA81211-C-01,N,N,Y
FA81211-C-02,N,N,Y
FA81211-C-03,N,N,Y
FA81211-C-04,N,N,Y
FA81211-C-05,N,N,Y
FA81211-C-06,N,N,Y
FA81211-C-07,N,N,Y
FC46-41,N,N,N
FC57-41,N,N,N
FC58-41,N,N,N
FC611-41,N,N,N
FC811-41,N,N,N
FE-6070-15,N,N,Y
FE4565-05,N,N,Y
FE4570-05,N,N,Y
FE4575-05,N,N,Y
FE4580-05,N,N,Y
FE4585-05,N,N,Y
FE4590-05,N,N,Y
FE4595-05,N,N,Y
FFW-69-102,N,N,Y
FLBK4872-01,N,N,Y
FLBK4872-03,N,N,Y
FLBK4872-04,N,N,Y
FLBK4880-01,N,N,Y
FLBK4880-03,N,N,Y
FLBK4880-04,N,N,Y
FLNT4260-04,N,N,Y
FLNT4870-04,N,N,Y
FLNT4872-01,N,N,Y
FLNT4872-02,N,N,Y
FLNT4872-04,N,N,Y
FLNT4875-04,N,N,Y
FLNT4880-01,N,N,Y
FLNT4880-02,N,N,Y
FLNT4880-04,N,N,Y
FLNT4885-04,N,N,Y
FLNV4872-03,N,N,Y
FLNV4872-04,N,N,Y
FLNV4880-03,N,N,Y
FLNV4880-04,N,N,Y
FLSL4872-02,N,N,Y
FLSL4880-02,N,N,Y
FLSM4872-03,N,N,Y
FLSM4880-03,N,N,Y
FLWH4260-01,N,N,Y
FLWH4260-02,N,N,Y
FLWH4260-03,N,N,Y
FLWH4260-04,N,N,Y
FLWH4870-01,N,N,Y
FLWH4870-02,N,N,Y
FLWH4870-03,N,N,Y
FLWH4870-04,N,N,Y
FLWH4872-01,N,N,Y
FLWH4872-02,N,N,Y
FLWH4872-03,N,N,Y
FLWH4872-04,N,N,Y
FLWH4875-01,N,N,Y
FLWH4875-02,N,N,Y
FLWH4875-03,N,N,Y
FLWH4875-04,N,N,Y
FLWH4880-01,N,N,Y
FLWH4880-02,N,N,Y
FLWH4880-03,N,N,Y
FLWH4880-04,N,N,Y
FLWH4885-01,N,N,Y
FLWH4885-02,N,N,Y
FLWH4885-03,N,N,Y
FLWH4885-04,N,N,Y
FLWH4895-01,N,N,Y
FLWH4895-02,N,N,Y
FLWH4895-03,N,N,Y
FLWH4895-04,N,N,Y
FLWH8535-01,N,N,Y
FLWH8535-02,N,N,Y
FLWH8535-03,N,N,Y
FLWH8535-04,N,N,Y
FLWHPHGC-01,N,N,Y
FLWHPHGC-02,N,N,Y
FLWHPHGC-03,N,N,Y
FLWHPHGC-04,N,N,Y
FSQ2-41,N,N,N
FSQ3-41,N,N,N
FSQ4-41,N,N,N
FSQ5-41,N,N,N
FSQ6-41,N,N,N
GLASS-01,N,N,Y
GLASS-03,N,N,Y
GLASS-07,N,N,Y
GLASS-09,N,N,Y
GLASS-13,N,N,Y
GLASS-23,N,N,Y
HD-E054,N,N,N
HD-E055,N,N,N
HD-E056,N,N,N
INVDW-102,N,N,Y
INVDW-11,N,N,Y
INVDW-28BK,N,N,Y
INVDW-GB,N,N,Y
KHF-BLI,N,N,Y
KHF-NLI,N,N,Y
KHF-W,N,N,Y
KHF-WLI,N,N,Y
LEEBAR-06,N,N,Y
LEEBAR-07,N,N,Y
LEEBAR-B,N,N,Y
LEEBAR-BLI,N,N,Y
LEEBAR-GB,N,N,Y
LEEBAR-NLI,N,N,Y
LEEBAR-SBW,N,N,Y
LEEBAR-SG,N,N,Y
LEEBAR-WLI,N,N,Y
LEPF-BLI,N,N,Y
LEPF-DBLI,N,N,Y
LEPF-NLI,N,N,Y
LEPF-PLI,N,N,Y
LEPF-W,N,N,Y
LEPF-WLI,N,N,Y
LEVC-BLI,N,N,Y
LEVC-CT,N,N,N
LEVC-H01,N,N,Y
LEVC-H02,N,N,Y
LEVC-L07,N,N,N
LEVC-NLI,N,N,Y
LEVC-WLI,N,N,Y
LINER-01,N,N,Y
LINER-02,N,N,Y
LINER-03,N,N,Y
LINER-04,N,N,Y
LINER-05,N,N,Y
LINER-06,N,N,Y
LINER-07,N,N,Y
LINER-08,N,N,Y
LINER-09,N,N,Y
LINER-10,N,N,Y
LINER-11,N,N,Y
LINER-12,N,N,Y
LINER-13,N,N,Y
LINER-14,N,N,Y
LINER-15,N,N,Y
LINER-16,N,N,Y
LINER-17,N,N,Y
LINER-18,N,N,Y
LINER-19,N,N,Y
LINER-20,N,N,Y
LINER-21,N,N,Y
LINER-22,N,N,Y
LINER-23,N,N,Y
LINER-24,N,N,Y
LINER-25,N,N,N
LINER-26,N,N,Y
LINER-27,N,N,Y
LINER-28,N,N,Y
LINER-29,N,N,Y
LINER-31,N,N,Y
LINER-BLON,N,N,Y
LINER-CHAM,N,N,Y
LINER-GB,N,N,Y
LINER-M02,N,N,Y
LINER-M04,N,N,Y
LINER-M05,N,N,Y
LINER-M06,N,N,Y
LINER-M07,N,N,Y
LINER-M08,N,N,Y
LINER-M22,N,N,Y
LINER-M24,N,N,Y
LINER-M27,N,N,Y
LINER-M30,N,N,Y
LINER-M36,N,N,Y
LINER-M38,N,N,Y
LINER-M49,N,N,Y
LINER-M50,N,N,Y
LINER-M75,N,N,Y
LINER-M77,N,N,Y
LINER-M89,N,N,Y
LUX-10BS-103,N,N,Y
LUX-10BS-18,N,N,Y
LUX-1590-07,N,N,Y
LUX-1590-101,N,N,Y
LUX-1590-102,N,N,Y
LUX-1590-103,N,N,Y
LUX-1590-22,N,N,Y
LUX-1644-101,N,N,Y
LUX-1644-102,N,N,Y
LUX-1644-103,N,N,Y
LUX-1644-104,N,N,Y
LUX-1644-106,N,N,Y
LUX-1801-10,N,N,Y
LUX-1801-101,N,N,Y
LUX-1801-102,N,N,Y
LUX-1801-103,N,N,Y
LUX-1801-11,N,N,Y
LUX-1801-12,N,N,Y
LUX-1801-22,N,N,Y
LUX-1801-L17,N,N,Y
LUX-1801-L20,N,N,Y
LUX-1801-L22,N,N,Y
LUX-1CO-05,N,N,Y
LUX-1CO-07,N,N,Y
LUX-1CO-101,N,N,Y
LUX-1CO-104,N,N,Y
LUX-1CO-106,N,N,Y
LUX-1CO-113,N,N,Y
LUX-1CO-23,N,N,Y
LUX-1CO-26,N,N,Y
LUX-334LC103,N,N,Y
LUX-334LC104,N,N,Y
LUX-334LC106,N,N,Y
LUX-334LC113,N,N,N
LUX-414LC103,N,N,Y
LUX-414LC104,N,N,Y
LUX-414LC106,N,N,Y
LUX-414LC113,N,N,N
LUX-434LC103,N,N,Y
LUX-434LC104,N,N,Y
LUX-434LC106,N,N,Y
LUX-434LC113,N,N,N
LUX-4590-102,N,N,Y
LUX-4820-101,N,N,Y
LUX-4820-102,N,N,Y
LUX-4820-103,N,N,Y
LUX-4820-104,N,N,Y
LUX-4820-106,N,N,Y
LUX-4820-113,N,N,Y
LUX-4860-05,N,N,Y
LUX-4860-07,N,N,Y
LUX-4860-102,N,N,Y
LUX-4860-104,N,N,Y
LUX-4860-112,N,N,Y
LUX-4860-113,N,N,Y
LUX-4860-L17,N,N,Y
LUX-4860-L20,N,N,Y
LUX-4860-L22,N,N,Y
LUX-4870-103,N,N,Y
LUX-4870-106,N,N,Y
LUX-4872-07,N,N,Y
LUX-4872-15,N,N,Y
LUX-4872-B,N,N,N
LUX-4872-L05,N,N,Y
LUX-4872-L20,N,N,Y
LUX-4872-L22,N,N,Y
LUX-4894-05,N,N,Y
LUX-4894-07,N,N,Y
LUX-4894-101,N,N,Y
LUX-4894-102,N,N,Y
LUX-4894-103,N,N,Y
LUX-4894-104,N,N,Y
LUX-4894-106,N,N,Y
LUX-4894-L20,N,N,Y
LUX-4894-L22,N,N,Y
LUX-4895-102,N,N,Y
LUX-4895-103,N,N,Y
LUX-4895-L05,N,N,Y
LUX-4895-L20,N,N,Y
LUX-4897-05,N,N,Y
LUX-4897-07,N,N,Y
LUX-4897-101,N,N,Y
LUX-4897-102,N,N,Y
LUX-4897-106,N,N,Y
LUX-4897-112,N,N,Y
LUX-4897-113,N,N,Y
LUX-4897-L17,N,N,Y
LUX-4897-L20,N,N,Y
LUX-4897-L22,N,N,Y
LUX-4899-05,N,N,Y
LUX-4899-07,N,N,Y
LUX-4899-101,N,N,Y
LUX-4899-102,N,N,Y
LUX-4899-103,N,N,Y
LUX-4899-104,N,N,Y
LUX-4899-106,N,N,Y
LUX-4899-17,N,N,Y
LUX-4899-L20,N,N,Y
LUX-4899-L22,N,N,Y
LUX-4BAR-103,N,N,Y
LUX-4BAR-18,N,N,Y
LUX-5040-07,N,N,N
LUX-5040-101,N,N,N
LUX-5040-102,N,N,N
LUX-5040-103,N,N,N
LUX-5040-104,N,N,N
LUX-5040-112,N,N,N
LUX-5040-L05,N,N,N
LUX-5040-L17,N,N,N
LUX-5040-L20,N,N,N
LUX-5040-L22,N,N,N
LUX-5080-10,N,N,N
LUX-5080-101,N,N,N
LUX-5080-102,N,N,N
LUX-5080-103,N,N,N
LUX-5080-104,N,N,N
LUX-5080-106,N,N,N
LUX-5080-11,N,N,N
LUX-5080-112,N,N,N
LUX-5080-113,N,N,N
LUX-5080-12,N,N,N
LUX-5080-13,N,N,N
LUX-5080-14,N,N,N
LUX-5080-15,N,N,N
LUX-5080-17,N,N,N
LUX-5080-18,N,N,N
LUX-5080-22,N,N,N
LUX-5080-23,N,N,N
LUX-5080-25,N,N,N
LUX-5080-26,N,N,N
LUX-5080-B,N,N,N
LUX-512BAR-103,N,N,Y
LUX-512BAR-18,N,N,Y
LUX-512CO-102,N,N,Y
LUX-512CO-103,N,N,Y
LUX-512CO-11,N,N,N
LUX-512CO-12,N,N,N
LUX-512CO-18,N,N,Y
LUX-512CO-22,N,N,Y
LUX-512CO-B,N,N,Y
LUX-512CO-GB,N,N,Y
LUX-512CO-L20,N,N,N
LUX-512CO-L22,N,N,N
LUX-514LC103,N,N,Y
LUX-514LC104,N,N,Y
LUX-514LC106,N,N,Y
LUX-514LC113,N,N,N
LUX-518LC103,N,N,Y
LUX-518LC104,N,N,Y
LUX-518LC106,N,N,Y
LUX-518LC113,N,N,N
LUX-534LC103,N,N,Y
LUX-534LC104,N,N,Y
LUX-534LC106,N,N,Y
LUX-534LC113,N,N,N
LUX-558LC103,N,N,Y
LUX-558LC104,N,N,Y
LUX-558LC106,N,N,Y
LUX-558LC113,N,N,N
LUX-55LC103,N,N,Y
LUX-55LC104,N,N,Y
LUX-55LC106,N,N,Y
LUX-55LC113,N,N,N
LUX-614PTL103,N,N,Y
LUX-614PTL104,N,N,Y
LUX-614PTL106,N,N,Y
LUX-614PTL113,N,N,Y
LUX-618LC103,N,N,Y
LUX-618LC104,N,N,Y
LUX-618LC106,N,N,Y
LUX-618LC113,N,N,N
LUX-6PKT103,N,N,Y
LUX-6PKT104,N,N,Y
LUX-6PKT106,N,N,Y
LUX-6PKT113,N,N,N
LUX-7716-104,N,N,Y
LUX-7CO-10,N,N,Y
LUX-7CO-101,N,N,Y
LUX-7CO-102,N,N,Y
LUX-7CO-103,N,N,Y
LUX-7CO-11,N,N,Y
LUX-7CO-12,N,N,Y
LUX-7CO-18,N,N,Y
LUX-7CO-22,N,N,Y
LUX-7CO-L20,N,N,Y
LUX-7CO-L22,N,N,Y
LUX-8510-103,N,N,Y
LUX-8510-18,N,N,Y
LUX-8510-B,N,N,Y
LUX-8515-101,N,N,Y
LUX-8515-102,N,N,Y
LUX-8515-104,N,N,Y
LUX-8520-18,N,N,N
LUX-8520-B,N,N,Y
LUX-8525-101,N,N,Y
LUX-8525-102,N,N,Y
LUX-8525-103,N,N,Y
LUX-8525-104,N,N,Y
LUX-8525-106,N,N,Y
LUX-8530-18,N,N,Y
LUX-8535-102,N,N,Y
LUX-8535-103,N,N,Y
LUX-8535-112,N,N,Y
LUX-8545-18,N,N,Y
LUX-8555-112,N,N,Y
LUX-8555-113,N,N,Y
LUX-8565-18,N,N,Y
LUX-8575-18,N,N,Y
LUX-8585-18,N,N,Y
LUX-A7FFW-103,N,N,Y
LUX-A7FFW-18,N,N,Y
LUX-A7PKT103,N,N,Y
LUX-A7PKT104,N,N,Y
LUX-A7PKT106,N,N,Y
LUX-A7PKT113,N,N,N
LUX-A7PTL103,N,N,Y
LUX-A7PTL104,N,N,Y
LUX-A7PTL106,N,N,Y
LUX-A7PTL113,N,N,N
LUX-KBBM-3,N,N,Y
LUX-KBBM-4,N,N,Y
LUX-KWBM-0,N,N,Y
LUX-KWBM-00,N,N,Y
LUX-KWBM-000,N,N,Y
LUX-KWBM-1,N,N,Y
LUX-KWBM-2,N,N,Y
LUX-KWBM-3,N,N,Y
LUX-KWBM-4,N,N,Y
LUX-KWBM-5,N,N,Y
LUX-KWBM-6,N,N,Y
LUX-KWBM-7,N,N,Y
LUX-KWBM-CD,N,N,Y
LUX-LEEBAR-103,N,N,Y
LUX-LEEBAR-18,N,N,Y
LUX-LINER-10,N,N,Y
LUX-LINER-101,N,N,Y
LUX-LINER-102,N,N,Y
LUX-LINER-103,N,N,Y
LUX-LINER-104,N,N,Y
LUX-LINER-106,N,N,Y
LUX-LINER-11,N,N,Y
LUX-LINER-112,N,N,Y
LUX-LINER-12,N,N,Y
LUX-LINER-13,N,N,Y
LUX-LINER-14,N,N,Y
LUX-LINER-15,N,N,Y
LUX-LINER-17,N,N,Y
LUX-LINER-18,N,N,Y
LUX-LINER-22,N,N,Y
LUX-LINER-23,N,N,Y
LUX-LINER-25,N,N,N
LUX-LINER-26,N,N,Y
LUX-LINER-L05,N,N,Y
LUX-LINER-L07,N,N,Y
LUX-LINER-L17,N,N,Y
LUX-LINER-L20,N,N,Y
LUX-LINER-L22,N,N,Y
LUX-MMBM-BLK1,N,N,Y
LUX-MMBM-BLK3,N,N,Y
LUX-MMBM-BLK5,N,N,Y
LUX-MMBM-BLK7,N,N,Y
LUX-MMBM-RED7,N,N,Y
LUX-MMBM-SIL1,N,N,Y
LUX-MMBM-SIL3,N,N,Y
LUX-MMBM-SIL5,N,N,Y
LUX-MMBM-SIL7,N,N,Y
LUX-MP-04,N,N,Y
LUX-MPB-10,N,N,Y
LUX-MPB-103,N,N,Y
LUX-MPB-11,N,N,Y
LUX-MPB-12,N,N,Y
LUX-MPB-18,N,N,Y
LUX-MPB-22,N,N,Y
LUX-MPB-L17,N,N,Y
LUX-MPB-L20,N,N,Y
LUX-MPB-L22,N,N,Y
LUX-PF-07,N,N,Y
LUX-PF-10,N,N,Y
LUX-PF-101,N,N,Y
LUX-PF-102,N,N,Y
LUX-PF-103,N,N,Y
LUX-PF-104,N,N,N
LUX-PF-106,N,N,N
LUX-PF-11,N,N,Y
LUX-PF-112,N,N,N
LUX-PF-113,N,N,Y
LUX-PF-12,N,N,Y
LUX-PF-13,N,N,Y
LUX-PF-14,N,N,Y
LUX-PF-15,N,N,N
LUX-PF-17,N,N,Y
LUX-PF-18,N,N,Y
LUX-PF-22,N,N,Y
LUX-PF-23,N,N,Y
LUX-PF-25,N,N,N
LUX-PF-26,N,N,Y
LUX-PF-56,N,N,Y
LUX-PF-L17,N,N,Y
LUX-PF-L20,N,N,Y
LUX-PF-L22,N,N,Y
LUX-SPB-10,N,N,Y
LUX-SPB-103,N,N,Y
LUX-SPB-11,N,N,Y
LUX-SPB-12,N,N,Y
LUX-SPB-18,N,N,Y
LUX-SPB-22,N,N,Y
LUX-SPB-L17,N,N,Y
LUX-SPB-L20,N,N,Y
LUX-SPB-L22,N,N,Y
LUX4897-103,N,N,Y
LUX614GF-05,N,N,Y
LUX614GF-07,N,N,Y
LUX614GF-10,N,N,Y
LUX614GF-101,N,N,Y
LUX614GF-102,N,N,Y
LUX614GF-103,N,N,Y
LUX614GF-104,N,N,Y
LUX614GF-106,N,N,Y
LUX614GF-11,N,N,Y
LUX614GF-112,N,N,Y
LUX614GF-113,N,N,Y
LUX614GF-12,N,N,Y
LUX614GF-13,N,N,Y
LUX614GF-14,N,N,Y
LUX614GF-15,N,N,Y
LUX614GF-17,N,N,Y
LUX614GF-18,N,N,Y
LUX614GF-20,N,N,N
LUX614GF-22,N,N,Y
LUX614GF-23,N,N,Y
LUX614GF-25,N,N,N
LUX614GF-26,N,N,Y
LUX614GF-B,N,N,Y
LUX614ZF-05,N,N,Y
LUX614ZF-07,N,N,Y
LUX614ZF-10,N,N,Y
LUX614ZF-101,N,N,Y
LUX614ZF-102,N,N,Y
LUX614ZF-103,N,N,Y
LUX614ZF-104,N,N,Y
LUX614ZF-106,N,N,Y
LUX614ZF-11,N,N,Y
LUX614ZF-112,N,N,Y
LUX614ZF-113,N,N,Y
LUX614ZF-12,N,N,Y
LUX614ZF-13,N,N,Y
LUX614ZF-14,N,N,Y
LUX614ZF-15,N,N,Y
LUX614ZF-17,N,N,Y
LUX614ZF-18,N,N,Y
LUX614ZF-20,N,N,N
LUX614ZF-22,N,N,Y
LUX614ZF-23,N,N,Y
LUX614ZF-25,N,N,N
LUX614ZF-26,N,N,Y
LUX614ZF-B,N,N,Y
LUXA7GF-05,N,N,Y
LUXA7GF-07,N,N,Y
LUXA7GF-10,N,N,Y
LUXA7GF-101,N,N,Y
LUXA7GF-102,N,N,Y
LUXA7GF-103,N,N,Y
LUXA7GF-104,N,N,Y
LUXA7GF-106,N,N,Y
LUXA7GF-11,N,N,Y
LUXA7GF-112,N,N,Y
LUXA7GF-113,N,N,Y
LUXA7GF-12,N,N,Y
LUXA7GF-13,N,N,Y
LUXA7GF-14,N,N,Y
LUXA7GF-15,N,N,Y
LUXA7GF-17,N,N,Y
LUXA7GF-18,N,N,Y
LUXA7GF-20,N,N,N
LUXA7GF-22,N,N,Y
LUXA7GF-23,N,N,Y
LUXA7GF-25,N,N,N
LUXA7GF-26,N,N,Y
LUXA7GF-B,N,N,Y
LUXA7ZF-05,N,N,Y
LUXA7ZF-07,N,N,Y
LUXA7ZF-10,N,N,Y
LUXA7ZF-101,N,N,Y
LUXA7ZF-102,N,N,Y
LUXA7ZF-103,N,N,Y
LUXA7ZF-104,N,N,Y
LUXA7ZF-106,N,N,Y
LUXA7ZF-11,N,N,Y
LUXA7ZF-112,N,N,Y
LUXA7ZF-113,N,N,Y
LUXA7ZF-12,N,N,Y
LUXA7ZF-13,N,N,Y
LUXA7ZF-14,N,N,Y
LUXA7ZF-15,N,N,Y
LUXA7ZF-17,N,N,Y
LUXA7ZF-18,N,N,Y
LUXA7ZF-20,N,N,N
LUXA7ZF-22,N,N,Y
LUXA7ZF-23,N,N,Y
LUXA7ZF-25,N,N,N
LUXA7ZF-26,N,N,Y
LUXA7ZF-B,N,N,Y
LUXLEVC-101,N,N,Y
LUXLEVC-103,N,N,Y
MCUBE-06,N,N,Y
MCUBE-10,N,N,Y
MCUBE-103,N,N,Y
MCUBE-106,N,N,Y
MCUBE-11,N,N,Y
MCUBE-112,N,N,Y
MCUBE-113,N,N,Y
MCUBE-12,N,N,Y
MCUBE-17,N,N,Y
MCUBE-22,N,N,Y
MCUBE-26,N,N,Y
MCUBE-BLI,N,N,Y
MCUBE-GB,N,N,Y
MCUBE-L17,N,N,Y
MCUBE-L20,N,N,Y
MCUBE-L22,N,N,Y
MCUBE-M07,N,N,Y
MCUBE-M08,N,N,Y
MGB-06,N,N,N
MGB-07,N,N,N
MGB-10,N,N,N
MGB-103,N,N,N
MGB-11,N,N,N
MGB-113,N,N,N
MGB-12,N,N,N
MGB-22,N,N,N
MGB-26,N,N,N
MGB-BLI,N,N,N
MGB-GB,N,N,N
MGB-L20,N,N,N
MGB-L22,N,N,N
MGB-NLI,N,N,N
MGB-WLI,N,N,N
MINSHB,N,N,Y
MINSHC,N,N,Y
MPB-06,N,N,Y
MPB-07,N,N,Y
MPB-BLI,N,N,Y
MPB-GB,N,N,Y
MR4865-01,N,N,Y
MR4865-02,N,N,Y
MR4870-01,N,N,Y
MR4870-02,N,N,Y
MR4875-01,N,N,Y
MR4875-02,N,N,Y
MR4880-01,N,N,Y
MR4880-02,N,N,Y
MR4895-01,N,N,Y
MR4895-02,N,N,Y
PBOX-01,N,N,Y
PBOX-02,N,N,Y
PC0501PL,N,N,N
PC0503PL,N,N,N
PC0506PL,N,N,N
PC0507PL,N,N,N
PC0511PL,N,N,N
PC0521PL,N,N,N
PC0522PL,N,N,N
PC0702PL,N,N,Y
PC1101PL,N,N,N
PC1102PL,N,N,N
PC1123PL,N,N,N
PC1127PL,N,N,N
PC1129PL,N,N,N
PC1131PL,N,N,N
PC1176FC,N,N,N
PC1180FC,N,N,N
PC1192PL,N,N,N
PC1207FC,N,N,N
PC1211FC,N,N,N
PC1250PL,N,N,Y
PC1251PL,N,N,Y
PC1802PL,N,N,Y
PC1805PL,N,N,Y
PC1806PL,N,N,Y
PC1807PL,N,N,Y
PC1903PL,N,N,Y
PC1904PL,N,N,N
PC1906PL,N,N,N
PC1913PL,N,N,Y
PC46-41,N,N,N
PC57-41,N,N,N
PC58-41,N,N,N
PC611-41,N,N,N
PC7100VP,N,N,Y
PC7103VP,N,N,Y
PC7106VP,N,N,Y
PC7107VP,N,N,Y
PC7109VP,N,N,Y
PC7112VP,N,N,Y
PC7207VP,N,N,Y
PF-100W,N,N,N
PF-130W,N,N,Y
PF-BLI,N,N,Y
PF-DBLI,N,N,Y
PF-GB,N,N,Y
PF-M06,N,N,Y
PF-M07,N,N,Y
PF-NLI,N,N,Y
PF-WLI,N,N,Y
PGCST909,N,N,Y
PGCST919,N,N,Y
PGCST929,N,N,Y
PGCST940,N,N,Y
PGCST950,N,N,Y
PGCST970,N,N,Y
PHGC-120GL,N,N,N
PHGC-MT-08,N,N,N
PHGC-MT-30,N,N,N
PHGC-N,N,N,N
PHGC-NLI,N,N,N
PHGC-NPC,N,N,N
PHGC-SN,N,N,N
PHGC-SW,N,N,N
PHGC-W,N,N,N
PHGC-WLI,N,N,N
PHGC-WPC,N,N,N
PRT4880-06,N,N,N
PRT4880-07,N,N,N
PRT4880-18,N,N,N
PRT4880-B,N,N,N
R0260,N,N,Y
R0263,N,N,Y
R0264,N,N,Y
R0265,N,N,Y
R0266,N,N,Y
R0267,N,N,Y
R0268,N,N,Y
R3872,N,N,Y
RFID-PPS,N,N,N
SA-100002960-7.5M,N,N,N
SCUBE-06,N,N,Y
SCUBE-07,N,N,Y
SCUBE-10,N,N,Y
SCUBE-103,N,N,Y
SCUBE-106,N,N,Y
SCUBE-11,N,N,Y
SCUBE-113,N,N,Y
SCUBE-12,N,N,Y
SCUBE-17,N,N,Y
SCUBE-22,N,N,Y
SCUBE-26,N,N,Y
SCUBE-BLI,N,N,Y
SCUBE-GB,N,N,Y
SCUBE-L17,N,N,Y
SCUBE-L20,N,N,Y
SCUBE-L22,N,N,Y
SCUBE-M07,N,N,Y
SCUBE-M08,N,N,Y
SDI-24WW,N,N,Y
SH4265-05,N,N,Y
SH4265-07,N,N,Y
SH4270-01,N,N,Y
SH4270-02,N,N,Y
SH4270-03,N,N,Y
SH4270-04,N,N,Y
SH4270-05,N,N,Y
SH4270-06,N,N,Y
SH4270-07,N,N,Y
SH4270-08,N,N,Y
SH4275-01,N,N,Y
SH4275-02,N,N,Y
SH4275-03,N,N,Y
SH4275-04,N,N,Y
SH4275-05,N,N,Y
SH4275-06,N,N,Y
SH4275-07,N,N,Y
SH4275-08,N,N,Y
SH4280-01,N,N,Y
SH4280-02,N,N,Y
SH4280-03,N,N,Y
SH4280-04,N,N,Y
SH4280-05,N,N,Y
SH4280-06,N,N,Y
SH4280-07,N,N,Y
SH4280-08,N,N,Y
SIVV914,N,N,Y
SIVV916,N,N,Y
SIVV918,N,N,Y
SPB-06,N,N,Y
SPB-07,N,N,Y
SPB-BLI,N,N,Y
SPB-GB,N,N,Y
SQ2-41,N,N,N
SQ3-41,N,N,N
SQ4-41,N,N,N
SQ5-41,N,N,N
SQ6-41,N,N,N
SS5602PL,N,N,Y
STAMP-01,N,N,N
STAMP-02,N,N,N
STAMP-03,N,N,N
STAMP-04,N,N,N
STAMP-05,N,N,N
STAMP-06,N,N,N
STAMP-07,N,N,N
STAMP-08,N,N,N
SWATCHBOOK,N,N,N
TFC38-41,N,N,N
TFC46-41,N,N,N
TFC66-41,N,N,N
WS-0056,N,N,N
WS-0067,N,N,Y
WS-0068,N,N,Y
WS-0069,N,N,Y
WS-0071,N,N,Y
WS-0072,N,N,Y
WS-0073,N,N,Y
WS-0074,N,N,Y
WS-0075,N,N,Y
WS-0076,N,N,Y
WS-0078,N,N,Y
WS-0097,N,N,Y
WS-0100,N,N,Y
WS-0101,N,N,Y
WS-0102,N,N,Y
WS-0103,N,N,Y
WS-0104,N,N,Y
WS-0105,N,N,Y
WS-0106,N,N,Y
WS-0404,N,N,Y
WS-0405,N,N,Y
WS-0406,N,N,Y
WS-0408,N,N,Y
WS-0409,N,N,Y
WS-0410,N,N,Y
WS-0412,N,N,Y
WS-0413,N,N,Y
WS-0415,N,N,Y
WS-1128,N,N,N
WS-1624,N,N,Y
WS-2032,N,N,Y
WS-2033,N,N,Y
WS-2034,N,N,Y
WS-2036,N,N,Y
WS-2037,N,N,Y
WS-2038,N,N,Y
WS-2040,N,N,Y
WS-2041,N,N,Y
WS-2043,N,N,Y
WS-2371,N,N,N
WS-2574,N,N,N
WS-2592,N,N,N
WS-2652,N,N,Y
WS-2956,N,N,Y
WS-2960,N,N,Y
WS-2961,N,N,Y
WS-3130,N,N,Y
WS-3133,N,N,Y
WS-3230,N,N,Y
WS-3269,N,N,Y
WS-3270,N,N,Y
WS-3322,N,N,Y
WS-3342,N,N,N
WS-3680,N,N,Y
WS-3720,N,N,Y
WS-3736,N,N,Y
WS-3876,N,N,N
WS-3878,N,N,N
WS-3880,N,N,Y
WS-4442,N,N,Y
WS-4444,N,N,Y
WS-4604,N,N,Y
WS-4618,N,N,Y
WS-4642,N,N,Y
WS-4644,N,N,Y
WS-4870,N,N,Y
WS-4894-ST,N,N,N
WS-4918,N,N,Y
WS-5102,N,N,Y
WS-5200,N,N,Y
WS-5221,N,N,Y
WS-5222,N,N,Y
WS-5248,N,N,Y
WS-5480,N,N,N
WS-6946,N,N,Y
WS-7484,N,N,Y
WS-7494,N,N,Y
WS-7496,N,N,Y
