id,title,description,product_type,image_link
10BS-06-50,#10 Button & String Policy Envelopes (4 1/8 x 9 1/2) - Silver Metallic - Pack of 50,,,
10BS-07-50,#10 Button & String Policy Envelopes (4 1/8 x 9 1/2) - Gold Metallic - Pack of 50,,,
10BS-28BK-50,#10 Button & String Policy Envelopes (4 1/8 x 9 1/2) - 28lb. Brown Kraft - Pack of 50,,,
10BS-28W-50,#10 Button & String Policy Envelopes (4 1/8 x 9 1/2) - 28lb. White - Pack of 50,,,
10BS-B-50,#10 Button & String Policy Envelopes (4 1/8 x 9 1/2) - Midnight Black - Pack of 50,,,
10BS-BLI-50,#10 Button & String Policy Envelopes (4 1/8 x 9 1/2) - Black Linen - Pack of 50,,,
10BS-GB-50,#10 Button & String Policy Envelopes (4 1/8 x 9 1/2) - Grocery Bag - Brown - Pack of 50,,,
10BS-NLI-50,#10 Button & String Policy Envelopes (4 1/8 x 9 1/2) - Natural Linen - Pack of 50,,,
10BS-WLI-50,#10 Button & String Policy Envelopes (4 1/8 x 9 1/2) - White Linen - Pack of 50,,,
1113PBM-BF-10,11 x 13 1/2 Colored Paperboard Rigid Mailers - Bright Fuchsia - Pink Envelopes - Pack of 10,,,
1113PBM-G-10,11 x 13 1/2 Colored Paperboard Rigid Mailers - Electric Green Envelopes - Pack of 10,,,
1113PBM-HR-10,11 x 13 1/2 Colored Paperboard Ridgid Mailers - Holiday Red Envelopes - Pack of 10,,,
1113PBM-MB-10,11 x 13 1/2 Colored Paperboard Rigod Mailers - Midnight Black Envelopes - Pack of 10,,,
17871-50,6 1/4 Remittance and Donation Envelopes (3 1/2 x 6 Closed) - 24lb. Bright White - Pack of 50,,,
17889-50,6 3/4 Remittance and Offering Envelopes (3 5/8 x 6 1/2 Closed) - 24lb. Bright White - Pack of 50,,,
1865-06-50,A1 Contour Flap RSVP Envelopes (3 5/8 x 5 1/8) - Silver Metallic - Pack of 50,,,
1865-07-50,A1 Contour Flap RSVP Envelopes (3 5/8 x 5 1/8) - Gold Metallic - Pack of 50,,,
1865-08-50,A1 Contour Flap RSVP Envelopes (3 5/8 x 5 1/8) - Quartz Metallic - Pack of 50,,,
1865-30-50,A1 Contour Flap RSVP Envelopes (3 5/8 x 5 1/8) - Crystal Metallic  - Pack of 50,,,
1865-B-50,A1 Contour Flap RSVP Envelopes (3 5/8 x 5 1/8) - Midnight Black - Pack of 50,,,
1865-GB-50,A1 Contour Flap RSVP Envelopes (3 5/8 x 5 1/8) - Grocery Bag - Brown - Pack of 50,,,
1865-NPC-50,A1 Contour Flap RSVP Envelopes (3 5/8 x 5 1/8) - Natural - 100% Recycled - Pack of 50,,,
1865-WPC-50,A1 Contour Flap RSVP Envelopes (3 5/8 x 5 1/8) - White - 100% Recycled - Pack of 50,,,
1870-06-50,A2 Contour Flap RSVP Envelopes (4 3/8 x 5 3/4) - Silver Metallic - Pack of 50,,,
1870-07-50,A2 Contour Flap RSVP Envelopes (4 3/8 x 5 3/4) - Gold Metallic - Pack of 50,,,
1870-08-50,A2 Contour Flap RSVP Envelopes (4 3/8 x 5 3/4) - Quartz Metallic - Pack of 50,,,
1870-30-50,A2 Contour Flap RSVP Envelopes (4 3/8 x 5 3/4) - Crystal Metallic  - Pack of 50,,,
1870-B-50,A2 Contour Flap RSVP Envelopes (4 3/8 x 5 3/4) - Midnight Black - Pack of 50,,,
1870-GB-50,A2 Contour Flap RSVP Envelopes (4 3/8 x 5 3/4) - Grocery Bag - Brown - Pack of 50,,,
1870-NPC-50,A2 Contour Flap RSVP Envelopes (4 3/8 x 5 3/4) - Natural - 100% Recycled - Pack of 50,,,
1870-WPC-50,A2 Contour Flap Envelopes (4 3/8 x 5 3/4) - White - 100% Recycled - Pack of 50,,,
1875-06-50,A6 Contour Flap Wedding Envelopes (4 3/4 x 6 1/2) - Silver Metallic - Pack of 50,,,
1875-07-50,A6 Contour Flap Wedding Envelopes (4 3/4 x 6 1/2) - Gold Metallic - Pack of 50,,,
1875-08-50,A6 Contour Flap Wedding Envelopes (4 3/4 x 6 1/2) - Quartz Metallic - Pack of 50,,,
1875-30-50,A6 Contour Flap Wedding Envelopes (4 3/4 x 6 1/2) - Crystal Metallic  - Pack of 50,,,
1875-B-50,A6 Contour Flap Wedding Envelopes (4 3/4 x 6 1/2) - Midnight Black - Pack of 50,,,
1875-GB-50,A6 Contour Flap Wedding Envelopes (4 3/4 x 6 1/2) - Grocery Bag - Brown - Pack of 50,,,
1875-NPC-50,A6 Contour Flap Wedding Envelopes (4 3/4 x 6 1/2) - Natural - 100% Recycled - Pack of 50,,,
1875-WPC-50,A6 Contour Flap Wedding Envelopes (4 3/4 x 6 1/2) - White - 100% Recycled - Pack of 50,,,
1880-06-50,A7 Contour Flap Wedding Envelopes (5 1/4 x 7 1/4) - Silver Metallic - Pack of 50,,,
1880-07-50,A7 Contour Flap Wedding Envelopes (5 1/4 x 7 1/4) - Gold Metallic - Pack of 50,,,
1880-08-50,A7 Contour Flap Wedding Envelopes (5 1/4 x 7 1/4) - Quartz Metallic - Pack of 50,,,
1880-30-50,A7 Contour Flap Wedding Envelopes (5 1/4 x 7 1/4) - Crystal Metallic  - Pack of 50,,,
1880-B-50,A7 Contour Flap Wedding Envelopes (5 1/4 x 7 1/4) - Midnight Black - Pack of 50,,,
1880-GB-50,A7 Contour Flap Wedding Envelopes (5 1/4 x 7 1/4) - Grocery Bag - Brown - Pack of 50,,,
1880-NPC-50,A7 Contour Flap Wedding Envelopes (5 1/4 x 7 1/4) - Natural - 100% Recycled - Pack of 50,,,
1880-WPC-50,A7 Contour Flap Wedding Envelopes (5 1/4 x 7 1/4) - White - 100% Recycled - Pack of 50,,,
1895-06-50,A9 Contour Flap Wedding Envelopes (5 3/4 x 8 3/4) - Silver Metallic - Pack of 50,,,
1895-07-50,A9 Contour Flap Wedding Envelopes (5 3/4 x 8 3/4) - Gold Metallic - Pack of 50,,,
1895-08-50,A9 Contour Flap Wedding Envelopes (5 3/4 x 8 3/4) - Quartz Metallic - Pack of 50,,,
1895-30-50,A9 Contour Flap Wedding Envelopes (5 3/4 x 8 3/4) - Crystal Metallic  - Pack of 50,,,
1895-B-50,A9 Contour Flap Wedding Envelopes (5 3/4 x 8 3/4) - Midnight Black - Pack of 50,,,
1895-GB-50,A9 Contour Flap Wedding Envelopes (5 3/4 x 8 3/4) - Grocery Bag - Brown - Pack of 50,,,
1895-NPC-50,A9 Contour Flap Wedding Envelopes (5 3/4 x 8 3/4) - Natural - 100% Recycled - Pack of 50,,,
1895-WPC-50,A9 Contour Flap Wedding Envelopes (5 3/4 x 8 3/4) - White - 100% Recycled - Pack of 50,,,
28727-50,"#10 Window Envelopes, Printed Envelopes (4 1/8 x 9 1/2) - White w/ Simple Seal - Pack of 50",,,
28728-50,"#10 Window Envelopes, Printed Envelopes (4 1/8 x 9 1/2) - White w/ Simple Seal, Security Tint - Pack of 50",,,
4260-12-50,"#10 Envelopes, Printed Envelopes (4 1/8 x 9 1/2) - Bright Green - Pack of 50",,,
4260-14-50,"#10 Envelopes, Printed Envelopes (4 1/8 x 9 1/2) - Bright Orange - Pack of 50",,,
4260-15-50,"#10 Envelopes, Printed Envelopes (4 1/8 x 9 1/2) - Holiday Red - Pack of 50",,,
4260-16-50,"#10 Envelopes, Printed Envelopes (4 1/8 x 9 1/2) - Bright Fuchsia - Pink - Pack of 50",,,
4260-18-50,"#10 Envelopes, Printed Envelopes (4 1/8 x 9 1/2) - Bright Blue - Pack of 50",,,
4260-20-50,"#10 Envelopes, Printed Envelopes (4 1/8 x 9 1/2) - Electric Yellow - Pack of 50",,,
4260-21-50,"#10 Envelopes, Printed Envelopes (4 1/8 x 9 1/2) - Electric Pink - Pack of 50",,,
4260-22-50,"#10 Envelopes, Printed Envelopes (4 1/8 x 9 1/2) - Electric Green - Pack of 50",,,
4820-24IJ-50,"6 x 9 Booklet Envelopes - 60lb. White, Inkjet Optimized - Pack of 50",,,
4820-32IJ-50,"6 x 9 Booklet Envelopes - 80lb. White, Inkjet Optimized - Pack of 50",,,
4860-24IJ-50,"#10 Envelopes (4 1/8 x 9 1/2) - 60lb. White, Inkjet Optimized - Pack of 50",,,
4860-32IJ-50,"#10 Envelopes (4 1/8 x 9 1/2) - 80lb. White, Inkjet Optimized - Pack of 50",,,
4860-70W-50,#10 Envelopes (4 1/8 x 9 1/2) - 70lb. Bright White - Pack of 50,,,
4860-80W-50,#10 Envelopes (4 1/8 x 9 1/2) w/Peel & Press - 80lb. White w/Peel & Press_�_� - Pack of 50,,,
4860-BLI-50,#10 Envelopes (4 1/8 x 9 1/2) - Black Linen - Pack of 50,,,
4860-GB-50,#10 Envelopes (4 1/8 x 9 1/2) - Grocery Bag - Brown - Pack of 50,,,
4860-NLI-50,#10 Envelopes (4 1/8 x 9 1/2) - Natural Linen - Pack of 50,,,
4860-NPC-50,#10 Envelopes (4 1/8 x 9 1/2) - Natural - 100% Recycled - Pack of 50,,,
4860-SN-50,#10 Envelopes (4 1/8 x 9 1/2) 100% Cotton - Natural White - 100% Cotton - Pack of 50,,,
4860-SW-50,#10 Envelopes (4 1/8 x 9 1/2) 100% Cotton - Bright White - 100% Cotton - Pack of 50,,,
4870-00-50,A2 RSVP Size Envelopes (4 3/8 x 5 3/4) - Clear Translucent - Pack of 50,,,
4870-BLI-50,A2 RSVP Size Envelopes (4 3/8 x 5 3/4) - Black Linen - Pack of 50,,,
4870-GB-50,A2 RSVP Size Envelopes (4 3/8 x 5 3/4) - Grocery Bag - Brown - Pack of 50,,,
4870-NLI-50,A2 RSVP Size Envelopes (4 3/8 x 5 3/4) - Natural Linen - Pack of 50,,,
4870-NPC-50,A2 RSVP Size Envelopes (4 3/8 x 5 3/4) - Natural - 100% Recycled - Pack of 50,,,
4870-SBW-50,A2 RSVP Size Envelopes (4 3/8 x 5 3/4) - Brilliant White - 100% Cotton - Pack of 50,,,
4870-SG-50,A2 RSVP Size Envelopes (4 3/8 x 5 3/4) - Gray - 100% Cotton - Pack of 50,,,
4870-SN-50,A2 RSVP Size Envelopes (4 3/8 x 5 3/4) - 100% Cotton - Natural White - 100% Cotton - Pack of 50,,,
4870-SW-50,A2 RSVP Size Envelopes (4 3/8 x 5 3/4) - 100% Cotton - Bright White - 100% Cotton - Pack of 50,,,
4870-WCN-50,A2 RSVP Size Envelopes (4 3/8 x 5 3/4) - White Canvas - Pack of 50,,,
4870-WGV-50,A2 RSVP Size Envelopes (4 3/8 x 5 3/4) - White Groove - Pack of 50,,,
4870-WLI-50,A2 RSVP Size Envelopes (4 3/8 x 5 3/4) - White Linen - Pack of 50,,,
4870-WPC-50,A2 RSVP Size Envelopes (4 3/8 x 5 3/4) - White - 100% Recycled - Pack of 50,,,
4870-WPP-50,A2 RSVP Size Envelopes (4 3/8 x 5 3/4) - 60lb. White w/Peel & Press_�_� - Pack of 50,,,
4870-WPQ-50,A2 RSVP Size Envelopes (4 3/8 x 5 3/4) - White Pique - Pack of 50,,,
4899-24IJ-50,"9 x 12 Booklet Envelopes - 60lb. White, Inkjet Optimized - Pack of 50",,,
4899-32IJ-50,"9 x 12 Booklet Envelopes - 80lb. White, Inkjet Optimized - Pack of 50",,,
5360-02-50,#10 Envelopes (4 1/8 x 9 1/2) - Aquamarine Metallic - Blue - Pack of 50,,,
5360-04-50,#10 Envelopes (4 1/8 x 9 1/2) - Rose Quartz Metallic - Pink - Pack of 50,,,
5360-06-50,#10 Envelopes (4 1/8 x 9 1/2) - Silver Metallic - Pack of 50,,,
5360-07-50,#10 Envelopes (4 1/8 x 9 1/2) - Gold Metallic - Pack of 50,,,
5360-08-50,#10 Envelopes (4 1/8 x 9 1/2) - Quartz Metallic - White - Pack of 50,,,
5360-11-50,#10 Envelopes (4 1/8 x 9 1/2) - Copper Metallic - Brown - Pack of 50,,,
5360-12-50,#10 Envelopes (4 1/8 x 9 1/2) - Bronze Metallic - Brown - Pack of 50,,,
5360-15-50,#10 Envelopes (4 1/8 x 9 1/2) - Anthracite Metallic - Gray - Pack of 50,,,
5360-17-50,#10 Envelopes (4 1/8 x 9 1/2) - Amethyst Metallic - Purple - Pack of 50,,,
5360-18-50,#10 Envelopes (4 1/8 x 9 1/2) - Sapphire Metallic - Blue - Pack of 50,,,
5360-20-50,#10 Envelopes (4 1/8 x 9 1/2) - Jupiter Metallic - Red - Pack of 50,,,
5360-24-50,#10 Envelopes (4 1/8 x 9 1/2) - Azalea Metallic - Pink - Pack of 50,,,
5360-25-50,#10 Envelopes (4 1/8 x 9 1/2) - Fairway Metallic - Green - Pack of 50,,,
5360-26-50,#10 Envelopes (4 1/8 x 9 1/2) - Flame Metallic - Orange - Pack of 50,,,
5360-27-50,#10 Envelopes (4 1/8 x 9 1/2) - Lagoon Metallic - Green - Pack of 50,,,
5360-29-50,#10 Envelopes (4 1/8 x 9 1/2) - Vista Metallic - Blue - Pack of 50,,,
5360-30-50,#10 Invitation Envelopes (4 1/8 x 9 1/2) - Crystal Metallic  - Pack of 50,,,
65797-50,#10 Envelopes (4 1/8 x 9 1/2) - Ivory - Natural - Pack of 50,,,
65888-50,#10 Envelopes (4 1/8 x 9 1/2) - Pastel Blue - Pack of 50,,,
65896-50,#10 Envelopes (4 1/8 x 9 1/2) - Pastel Green - Pack of 50,,,
65904-50,#10 Envelopes (4 1/8 x 9 1/2) - Pastel Pink - Pack of 50,,,
65912-50,#10 Envelopes (4 1/8 x 9 1/2) - Pastel Canary - Yellow - Pack of 50,,,
65920-50,#10 Envelopes (4 1/8 x 9 1/2) - Goldenrod - Pack of 50,,,
65938-50,#10 Envelopes (4 1/8 x 9 1/2) - Tan - Brown - Pack of 50,,,
6660-11-50,#10 Envelopes (4 1/8 x 9 1/2) - Cream Parchment - Natural - Pack of 50,,,
6660-12-50,#10 Envelopes (4 1/8 x 9 1/2) - Blue Parchment - Pack of 50,,,
6660-13-50,#10 Envelopes (4 1/8 x 9 1/2) - Gray Parchment - Pack of 50,,,
6660-14-50,#10 Envelopes (4 1/8 x 9 1/2) - Gold Parchment - Pack of 50,,,
6660-16-50,#10 Envelopes (4 1/8 x 9 1/2) - Pink Parchment - Pack of 50,,,
69PBM-BF-10,6 x 9 Colored Paperboard Photo Mailers - Bright Fuchsia - Pink Envelopes - Pack of 10,,,
69PBM-G-10,6 x 9 Colored Paperboard Photo Mailers - Electric Green Envelopes - Pack of 10,,,
69PBM-HR-10,6 x 9 Colored Paperboard Photo Mailers - Holiday Red Envelopes - Pack of 10,,,
69PBM-MB-10,6 x 9 Colored Paperboard Photo Mailers - Midnight Black Envelopes - Pack of 10,,,
81214-C-10-50,8 1/2 x 14 Legal Size Cardstock - Magenta - Pink - Pack of 50,,,
81214-C-101-50,8 1/2 x 14 Legal Size Cardstock - Limelight - Green - Pack of 50,,,
81214-C-102-50,8 1/2 x 14 Legal Size Cardstock - Pool - Blue - Pack of 50,,,
81214-C-103-50,8 1/2 x 14 Legal Size Cardstock - Navy - Blue - Pack of 50,,,
81214-C-104-50,8 1/2 x 14 Legal Size Cardstock - Vintage Plum - Purple - Pack of 50,,,
81214-C-106-50,8 1/2 x 14 Legal Size Cardstock - Wisteria - Purple - Pack of 50,,,
81214-C-11-50,8 1/2 x 14 Legal Size Cardstock - Mandarin - Orange - Pack of 50,,,
81214-C-112-50,8 1/2 x 14 Legal Size Cardstock - Tangerine - Orange - Pack of 50,,,
81214-C-113-50,8 1/2 x 14 Legal Size Cardstock - Seafoam - Blue - Pack of 50,,,
81214-C-12-50,8 1/2 x 14 Legal Size Cardstock - Sunflower - Yellow - Pack of 50,,,
81214-C-13-50,8 1/2 x 14 Legal Size Cardstock - Baby Blue - Pack of 50,,,
81214-C-14-50,8 1/2 x 14 Legal Size Cardstock - Candy Pink - Pack of 50,,,
81214-C-15-50,8 1/2 x 14 Legal Size Cardstock - Lemonade - Yellow - Pack of 50,,,
81214-C-17-50,8 1/2 x 14 Legal Size Cardstock - Chocolate - Brown - Pack of 50,,,
81214-C-18-50,8 1/2 x 14 Legal Size Cardstock - Ruby Red - Pack of 50,,,
81214-C-22-50,8 1/2 x 14 Legal Size Cardstock - Smoke - Gray - Pack of 50,,,
81214-C-23-50,8 1/2 x 14 Legal Size Cardstock - Boardwalk Blue - Pack of 50,,,
81214-C-25-50,8 1/2 x 14 Legal Size Cardstock - Teal - Blue - Pack of 50,,,
81214-C-26-50,8 1/2 x 14 Legal Size Cardstock - Garnet - Red - Pack of 50,,,
81214-C-GB-50,8 1/2 x 14 Legal Size Cardstock - Grocery Bag - Brown - Pack of 50,,,
81214-C-L05-50,8 1/2 x 14 Legal Size Cardstock - Lilac - Purple - Pack of 50,,,
81214-C-L07-50,8 1/2 x 14 Legal Size Cardstock - Nude - Natural - Pack of 50,,,
81214-C-L17-50,8 1/2 x 14 Legal Size Cardstock - Holiday Green - Pack of 50,,,
81214-C-L20-50,8 1/2 x 14 Legal Size Cardstock - Citrus - Yellow - Pack of 50,,,
81214-C-L22-50,8 1/2 x 14 Legal Size Cardstock - Wasabi - Green - Pack of 50,,,
81214-C-M04-50,8 1/2 x 14 Legal Size Cardstock - Amethyst Metallic - Purple - Pack of 50,,,
81214-C-M05-50,8 1/2 x 14 Legal Size Cardstock - Anthracite Metallic - Gray - Pack of 50,,,
81214-C-M06-50,8 1/2 x 14 Legal Size Cardstock - Aquamarine Metallic - Blue - Pack of 50,,,
81214-C-M07-50,8 1/2 x 14 Legal Size Cardstock - Azalea Metallic - Pink - Pack of 50,,,
81214-C-M22-50,8 1/2 x 14 Legal Size Cardstock - Bronze Metallic - Brown - Pack of 50,,,
81214-C-M27-50,8 1/2 x 14 Legal Size Cardstock - Copper Metallic - Brown - Pack of 50,,,
81214-C-M30-50,8 1/2 x 14 Legal Size Cardstock - Crystal Metallic  - Pack of 50,,,
81214-C-M36-50,8 1/2 x 14 Legal Size Cardstock - Fairway Metallic - Green - Pack of 50,,,
81214-C-M38-50,8 1/2 x 14 Legal Size Cardstock - Flame Metallic - Orange - Pack of 50,,,
81214-C-M40-50,8 1/2 x 14 Legal Size Cardstock - Gold Metallic - Pack of 50,,,
81214-C-M49-50,8 1/2 x 14 Legal Size Cardstock - Jupiter Metallic - Red - Pack of 50,,,
81214-C-M50-50,8 1/2 x 14 Legal Size Cardstock - Lagoon Metallic - Green - Pack of 50,,,
81214-C-M77-50,8 1/2 x 14 Legal Size Cardstock - Sapphire Metallic - Blue - Pack of 50,,,
81214-C-M78-50,8 1/2 x 14 Legal Size Cardstock - Silver Metallic - Pack of 50,,,
81214-P-10-50,8 1/2 x 14 Legal Size Paper - Magenta - Pink - Pack of 50,,,
81214-P-101-50,8 1/2 x 14 Legal Size Paper - Limelight - Green - Pack of 50,,,
81214-P-102-50,8 1/2 x 14 Legal Size Paper - Pool - Blue - Pack of 50,,,
81214-P-103-50,8 1/2 x 14 Legal Size Paper - Navy - Blue - Pack of 50,,,
81214-P-104-50,8 1/2 x 14 Legal Size Paper - Vintage Plum - Purple - Pack of 50,,,
81214-P-106-50,8 1/2 x 14 Legal Size Paper - Wisteria - Purple - Pack of 50,,,
81214-P-11-50,8 1/2 x 14 Legal Size Paper - Mandarin - Orange - Pack of 50,,,
81214-P-112-50,8 1/2 x 14 Legal Size Paper - Tangerine - Orange - Pack of 50,,,
81214-P-113-50,8 1/2 x 14 Legal Size Paper - Seafoam - Blue - Pack of 50,,,
81214-P-12-50,8 1/2 x 14 Legal Size Paper - Sunflower - Yellow - Pack of 50,,,
81214-P-13-50,8 1/2 x 14 Legal Size Paper - Baby Blue - Pack of 50,,,
81214-P-14-50,8 1/2 x 14 Legal Size Paper - Candy Pink - Pack of 50,,,
81214-P-15-50,8 1/2 x 14 Legal Size Paper - Lemonade - Yellow - Pack of 50,,,
81214-P-17-50,8 1/2 x 14 Legal Size Paper - Chocolate - Brown - Pack of 50,,,
81214-P-18-50,8 1/2 x 14 Legal Size Paper - Ruby Red - Pack of 50,,,
81214-P-22-50,8 1/2 x 14 Legal Size Paper - Smoke - Gray - Pack of 50,,,
81214-P-23-50,8 1/2 x 14 Legal Size Paper - Boardwalk Blue - Pack of 50,,,
81214-P-25-50,8 1/2 x 14 Legal Size Paper - Teal - Blue - Pack of 50,,,
81214-P-26-50,8 1/2 x 14 Legal Size Paper - Garnet - Red - Pack of 50,,,
81214-P-60T15-50,8 1/2 x 14 Legal Size Paper - Holiday Red - Pack of 50,,,
81214-P-GB-50,8 1/2 x 14 Legal Size Paper - Grocery Bag - Brown - Pack of 50,,,
81214-P-L05-50,8 1/2 x 14 Legal Size Paper - Lilac - Purple - Pack of 50,,,
81214-P-L07-50,8 1/2 x 14 Legal Size Paper - Nude - Natural - Pack of 50,,,
81214-P-L17-50,8 1/2 x 14 Legal Size Paper - Holiday Green - Pack of 50,,,
81214-P-L20-50,8 1/2 x 14 Legal Size Paper - Citrus - Yellow - Pack of 50,,,
81214-P-L22-50,8 1/2 x 14 Legal Size Paper - Wasabi - Green - Pack of 50,,,
81214-P-M04-50,8 1/2 x 14 Legal Size Paper - Amethyst Metallic - Purple - Pack of 50,,,
81214-P-M05-50,8 1/2 x 14 Legal Size Paper - Anthracite Metallic - Gray - Pack of 50,,,
81214-P-M06-50,8 1/2 x 14 Legal Size Paper - Aquamarine Metallic - Blue - Pack of 50,,,
81214-P-M07-50,8 1/2 x 14 Legal Size Paper - Azalea Metallic - Pink - Pack of 50,,,
81214-P-M22-50,8 1/2 x 14 Legal Size Paper - Bronze Metallic - Brown - Pack of 50,,,
81214-P-M27-50,8 1/2 x 14 Legal Size Paper - Copper Metallic - Brown - Pack of 50,,,
81214-P-M30-50,8 1/2 x 14 Legal Size Paper - Crystal Metallic  - Pack of 50,,,
81214-P-M36-50,8 1/2 x 14 Legal Size Paper - Fairway Metallic - Green - Pack of 50,,,
81214-P-M38-50,8 1/2 x 14 Legal Size Paper - Flame Metallic - Orange - Pack of 50,,,
81214-P-M40-50,8 1/2 x 14 Legal Size Paper - Gold Metallic - Pack of 50,,,
81214-P-M49-50,8 1/2 x 14 Legal Size Paper - Jupiter Metallic - Red - Pack of 50,,,
81214-P-M50-50,8 1/2 x 14 Legal Size Paper - Lagoon Metallic - Green - Pack of 50,,,
81214-P-M77-50,8 1/2 x 14 Legal Size Paper - Sapphire Metallic - Blue - Pack of 50,,,
81214-P-M78-50,8 1/2 x 14 Legal Size Paper - Silver Metallic - Pack of 50,,,
HD-E054-50,6 x 9 Heavy Duty Poly Mailers - Gray Poly Mailers - Pack of 50,,,
HD-E055-50,9 x 12 Heavy Duty Poly Mailers - Gray Poly Mailers - Pack of 50,,,
HD-E056-50,12 x 15 1/2 Heavy Duty Plastic Mailers - Gray Poly Mailers - Pack of 50,,,
INVDW-50,Double Window Invoice Check Envelopes (4 1/8 x 9 1/8) - White w/ Peel & Seel_�___Ѣ_�___�� - Pack of 50,,,
INVDW-102-50,Double Window Invoice Check Envelopes (4 1/8 x 9 1/8) - Pool - Blue - Pack of 50,,,
INVDW-11-50,Double Window Invoice Check Envelopes (4 1/8 x 9 1/8) - Mandarin - Orange - Pack of 50,,,
INVDW-18-50,Double Window Invoice Check Envelopes (4 1/8 x 9 1/8) - Ruby Red - Pack of 50,,,
INVDW-28BK-50,Double Window Invoice Check Envelopes (4 1/8 x 9 1/8) - 28lb. Brown Kraft - Pack of 50,,,
INVDW-B-50,Double Window Invoice Check Envelopes (4 1/8 x 9 1/8) - Midnight Black - Pack of 50,,,
INVDW-GB-50,Double Window Invoice Check Envelopes (4 1/8 x 9 1/8) - Grocery Bag - Brown - Pack of 50,,,
INVDW-L20-50,Double Window Invoice Check Envelopes (4 1/8 x 9 1/8) - Citrus - Yellow - Pack of 50,,,
INVDW-L22-50,Double Window Invoice Check Envelopes (4 1/8 x 9 1/8) - Wasabi - Green - Pack of 50,,,
LUX-10BS-103-50,#10 Button & String Policy Envelopes (4 1/8 x 9 1/2) - Navy - Blue - Pack of 50,,,
LUX-10BS-18-50,#10 Button & String Policy Envelopes (4 1/8 x 9 1/2) - Ruby Red - Pack of 50,,,
LUX-LINER-10-50,A7 Drop-In Envelope Liners (6 15/16 x 6 5/8) - Magenta - Pink - Pack of 50,,,
LUX-LINER-101-50,A7 Drop-In Envelope Liners (6 15/16 x 6 5/8) - Limelight - Green - Pack of 50,,,
LUX-LINER-102-50,A7 Drop-In Envelope Liners (6 15/16 x 6 5/8) - Pool - Blue - Pack of 50,,,
LUX-LINER-103-50,A7 Drop-In Envelope Liners (6 15/16 x 6 5/8) - Navy - Blue - Pack of 50,,,
LUX-LINER-104-50,A7 Drop-In Envelope Liners (6 15/16 x 6 5/8) - Vintage Plum - Purple - Pack of 50,,,
LUX-LINER-106-50,A7 Drop-In Envelope Liners (6 15/16 x 6 5/8) - Wisteria - Purple - Pack of 50,,,
LUX-LINER-11-50,A7 Drop-In Envelope Liners (6 15/16 x 6 5/8) - Mandarin - Orange - Pack of 50,,,
LUX-LINER-112-50,A7 Drop-In Envelope Liners (6 15/16 x 6 5/8) - Tangerine - Orange - Pack of 50,,,
LUX-LINER-12-50,A7 Drop-In Envelope Liners (6 15/16 x 6 5/8) - Sunflower - Yellow - Pack of 50,,,
LUX-LINER-13-50,A7 Drop-In Envelope Liners (6 15/16 x 6 5/8) - Baby Blue - Pack of 50,,,
LUX-LINER-14-50,A7 Drop-In Envelope Liners (6 15/16 x 6 5/8) - Candy Pink - Pack of 50,,,
LUX-LINER-15-50,A7 Drop-In Envelope Liners (6 15/16 x 6 5/8) - Lemonade - Yellow - Pack of 50,,,
LUX-LINER-17-50,A7 Drop-In Envelope Liners (6 15/16 x 6 5/8) - Chocolate - Brown - Pack of 50,,,
LUX-LINER-18-50,A7 Drop-In Envelope Liners (6 15/16 x 6 5/8) - Ruby Red - Pack of 50,,,
LUX-LINER-22-50,A7 Drop-In Envelope Liners (6 15/16 x 6 5/8) - Smoke - Gray - Pack of 50,,,
LUX-LINER-23-50,A7 Drop-In Envelope Liners (6 15/16 x 6 5/8) - Boardwalk Blue - Pack of 50,,,
LUX-LINER-25-50,A7 Drop-In Envelope Liners (6 15/16 x 6 5/8) - Teal - Blue - Pack of 50,,,
LUX-LINER-26-50,A7 Drop-In Envelope Liners (6 15/16 x 6 5/8) - Garnet - Red - Pack of 50,,,
LUX-LINER-L05-50,A7 Drop-In Envelope Liners (6 15/16 x 6 5/8) - Lilac - Purple - Pack of 50,,,
LUX-LINER-L07-50,A7 Drop-In Envelope Liners (6 15/16 x 6 5/8) - Nude - Natural - Pack of 50,,,
LUX-LINER-L17-50,A7 Drop-In Envelope Liners (6 15/16 x 6 5/8) - Holiday Green - Pack of 50,,,
LUX-LINER-L20-50,A7 Drop-In Envelope Liners (6 15/16 x 6 5/8) - Citrus - Yellow - Pack of 50,,,
LUX-LINER-L22-50,A7 Drop-In Envelope Liners (6 15/16 x 6 5/8) - Wasabi - Green - Pack of 50,,,
LUX-MPB-10-5,Medium Favor Boxes (2 1/2 x 7/8 x 4) - Magenta - Pink - Pack of 5,,,
LUX-MPB-103-5,Medium Favor Boxes (2 1/2 x 7/8 x 4) - Navy - Blue - Pack of 5,,,
LUX-MPB-11-5,Medium Favor Boxes (2 1/2 x 7/8 x 4) - Mandarin - Orange - Pack of 5,,,
LUX-MPB-12-5,Medium Favor Boxes (2 1/2 x 7/8 x 4) - Sunflower - Yellow - Pack of 5,,,
LUX-MPB-13-10,Medium Favor Boxes (2 1/2 x 7/8 x 4) - Baby Blue - Pack of 10,,,
LUX-MPB-14-10,Medium Favor Boxes (2 1/2 x 7/8 x 4) - Candy Pink - Pack of 10,,,
LUX-MPB-18-5,Medium Favor Boxes (2 1/2 x 7/8 x 4) - Ruby Red - Pack of 5,,,
LUX-MPB-22-5,Medium Favor Boxes (2 1/2 x 7/8 x 4) - Smoke - Gray - Pack of 5,,,
LUX-MPB-L17-5,Medium Favor Boxes (2 1/2 x 7/8 x 4) - Holiday Green - Pack of 5,,,
LUX-MPB-L20-5,Medium Favor Boxes (2 1/2 x 7/8 x 4) - Citrus - Yellow - Pack of 5,,,
LUX-MPB-L22-5,Medium Favor Boxes (2 1/2 x 7/8 x 4) - Wasabi - Green - Pack of 5,,,
LUX-SPB-10-5,Small Favor Boxes (2 x 3/4 x 3) - Magenta - Pink - Pack of 5,,,
LUX-SPB-103-5,Small Favor Boxes (2 x 3/4 x 3) - Navy - Blue - Pack of 5,,,
LUX-SPB-11-5,Small Favor Boxes (2 x 3/4 x 3) - Mandarin - Orange - Pack of 5,,,
LUX-SPB-12-5,Small Favor Boxes (2 x 3/4 x 3) - Sunflower - Yellow - Pack of 5,,,
LUX-SPB-13-10,Small Favor Boxes (2 x 3/4 x 3) - Baby Blue - Pack of 10,,,
LUX-SPB-14-10,Small Favor Boxes (2 x 3/4 x 3) - Candy Pink - Pack of 10,,,
LUX-SPB-18-5,Small Favor Boxes (2 x 3/4 x 3) - Ruby Red - Pack of 5,,,
LUX-SPB-22-5,Small Favor Boxes (2 x 3/4 x 3) - Smoke - Gray - Pack of 5,,,
LUX-SPB-L17-5,Small Favor Boxes (2 x 3/4 x 3) - Holiday Green - Pack of 5,,,
LUX-SPB-L20-5,Small Favor Boxes (2 x 3/4 x 3) - Citrus - Yellow - Pack of 5,,,
LUX-SPB-L22-5,Small Favor Boxes (2 x 3/4 x 3) - Wasabi - Green - Pack of 5,,,
MPB-06-5,Medium Favor Boxes (2 1/2 x 7/8 x 4) - Silver Metallic - Pack of 5,,,
MPB-07-5,Medium Favor Boxes (2 1/2 x 7/8 x 4) - Gold Metallic - Pack of 5,,,
MPB-BLI-5,Medium Favor Boxes (2 1/2 x 7/8 x 4) - Black Linen - Pack of 5,,,
MPB-GB-5,Medium Favor Boxes (2 1/2 x 7/8 x 4) - 18pt. Grocery Bag - Brown - Pack of 5,,,
MPB-M07-10,Medium Favor Boxes (2 1/2 x 7/8 x 4) - Blonde Metallic - Gold - Pack of 10,,,
MPB-M08-10,Medium Favor Boxes (2 1/2 x 7/8 x 4) - Champagne Metallic - Gold - Pack of 10,,,
MPB-M09-10,Medium Favor Boxes (2 1/2 x 7/8 x 4) - Taupe Metallic - Natural - Pack of 10,,,
MPB-M75-10,Medium Favor Boxes (2 1/2 x 7/8 x 4) - Rose Quartz Metallic - Pink - Pack of 10,,,
MPB-M89-10,Medium Favor Boxes (2 1/2 x 7/8 x 4) - Vista Metallic - Blue - Pack of 10,,,
MPB-NLI-10,Medium Favor Boxes (2 1/2 x 7/8 x 4) - Natural Linen - Pack of 10,,,
MPB-WLI-10,Medium Favor Boxes (2 1/2 x 7/8 x 4) - White Linen - Pack of 10,,,
SPB-06-5,Small Favor Boxes (2 x 3/4 x 3) - Silver Metallic - Pack of 5,,,
SPB-07-5,Small Favor Boxes (2 x 3/4 x 3) - Gold Metallic - Pack of 5,,,
SPB-BLI-5,Small Favor Boxes (2 x 3/4 x 3) - Black Linen - Pack of 5,,,
SPB-GB-5,Small Favor Boxes (2 x 3/4 x 3) - 18pt. Grocery Bag - Brown - Pack of 5,,,
SPB-M07-10,Small Favor Boxes (2 x 3/4 x 3) - Blonde Metallic - Gold - Pack of 10,,,
SPB-M08-10,Small Favor Boxes (2 x 3/4 x 3) - Champagne Metallic - Gold - Pack of 10,,,
SPB-M09-10,Small Favor Boxes (2 x 3/4 x 3) - Taupe Metallic - Natural - Pack of 10,,,
SPB-M75-10,Small Favor Boxes (2 x 3/4 x 3) - Rose Quartz Metallic - Pink - Pack of 10,,,
SPB-M89-10,Small Favor Boxes (2 x 3/4 x 3) - Vista Metallic - Blue - Pack of 10,,,
SPB-NLI-10,Small Favor Boxes (2 x 3/4 x 3) - Natural Linen - Pack of 10,,,
SPB-WLI-10,Small Favor Boxes (2 x 3/4 x 3) - White Linen - Pack of 10,,,
WS-0056-50,# 6 1/4 Envelopes (3 1/2 x 6) - 24lb. White w/ Security Tint - Pack of 50,,,
WS-0067-50,# 6 1/4 Envelopes (3 1/2 x 6) - Bright Orange - Pack of 50,,,
WS-0068-50,# 6 1/4 Envelopes (3 1/2 x 6) - Electric Pink - Pack of 50,,,
WS-0069-50,# 6 1/4 Envelopes (3 1/2 x 6) - Holiday Red - Pack of 50,,,
WS-0071-50,# 6 1/4 Envelopes (3 1/2 x 6) - Electric Green - Pack of 50,,,
WS-0072-50,# 6 1/4 Envelopes (3 1/2 x 6) - Bright Green - Pack of 50,,,
WS-0073-50,# 6 1/4 Envelopes (3 1/2 x 6) - Bright Blue - Pack of 50,,,
WS-0074-50,# 6 1/4 Envelopes (3 1/2 x 6) - Electric Yellow - Pack of 50,,,
WS-0075-50,# 6 1/4 Envelopes (3 1/2 x 6) - Electric Orange - Pack of 50,,,
WS-0076-50,# 6 1/4 Envelopes (3 1/2 x 6) - Electric Cherry - Red - Pack of 50,,,
WS-0078-50,# 6 1/4 Envelopes (3 1/2 x 6) - Bright Fuchsia - Pink - Pack of 50,,,
WS-0097-50,# 6 1/4 Envelopes (3 1/2 x 6) - Cream - Natural - Pack of 50,,,
WS-0100-50,# 6 1/4 Envelopes (3 1/2 x 6) - Pastel Canary - Yellow - Pack of 50,,,
WS-0101-50,# 6 1/4 Envelopes (3 1/2 x 6) - Goldenrod - Yellow - Pack of 50,,,
WS-0102-50,# 6 1/4 Envelopes (3 1/2 x 6) - Pastel Pink - Pack of 50,,,
WS-0103-50,# 6 1/4 Envelopes (3 1/2 x 6) - Pastel Green - Pack of 50,,,
WS-0104-50,# 6 1/4 Envelopes (3 1/2 x 6) - Pastel Blue - Pack of 50,,,
WS-0105-50,# 6 1/4 Envelopes (3 1/2 x 6) - Pastel Gray - Pack of 50,,,
WS-0106-50,# 6 1/4 Envelopes (3 1/2 x 6) - Ivory - Natural - Pack of 50,,,
WS-2032-50,#9 Envelopes (3 7/8 x 8 7/8) - Bright Orange - Pack of 50,,,
WS-2033-50,#9 Envelopes (3 7/8 x 8 7/8) - Electric Pink - Pack of 50,,,
WS-2034-50,#9 Envelopes (3 7/8 x 8 7/8) - Holiday Red - Pack of 50,,,
WS-2036-50,#9 Envelopes (3 7/8 x 8 7/8) - Electric Green - Pack of 50,,,
WS-2037-50,#9 Envelopes (3 7/8 x 8 7/8) - Bright Green - Pack of 50,,,
WS-2038-50,#9 Envelopes (3 7/8 x 8 7/8) - Bright Blue - Pack of 50,,,
WS-2040-50,#9 Envelopes (3 7/8 x 8 7/8) - Electric Orange - Pack of 50,,,
WS-2041-50,#9 Envelopes (3 7/8 x 8 7/8) - Electric Cherry - Red - Pack of 50,,,
WS-2043-50,#9 Envelopes (3 7/8 x 8 7/8) - Bright Fuchsia - Pink - Pack of 50,,,
WS-2371-50,Accounting Software Double Window Check Envelopes (3 9/16 x 8 3/4) - 24lb. White w/ Sec Tint - Pack of 50,,,
WS-2956-50,#10  (4 1/8 x 9 1/2) - Airmail w/ Security Tint Envelopes - Pack of 50,,,
WS-2960-50,"#10 Envelopes, Printed Envelopes (4 1/8 x 9 1/2) - 24lb. White Linen - Pack of 50",,,
WS-2961-50,"#10 Envelopes, Printed Envelopes (4 1/8 x 9 1/2) - 24lb. Natural Linen - Pack of 50",,,
WS-3342-50,#10 Double Window Check Envelopes (4 1/8 x 9 1/2) - 24lb. White w/ Security Tint - Pack of 50,,,
1801-WH02-50,Gift Card Sleeve Envelopes (2 3/8 x 3 1/2) - Let It Snow! - White - Pack of 50,"The Gift Card Sleeve (2 3/8 x 3 1/2) in our Let It Snow! design shows a cute, cheerful snowman with red scarf and big eyes. Perfect for holiday gift cards, this sleeve is created from 24lb. paper stock and designed to protect the magnetic strips on the back side of gift cards, credit cards and hotel key cards. Manufactured with a double thumb cut where the end is open allowing easy access to the card inside. These seasonal envelopes can also be used to hold hand written gift notes and placed on top of holiday presents or in hanging stockings. Available in small quantities of 50 to large quantities of 50,000 and more.",,
1802-GBH01-50,Gift Card Sleeve Envelopse (2 3/8 x 3 1/2) - Happy Holidays - Grocery Bag - Pack of 50,"The Gift Card Sleeve (2 3/8 x 3 1/2) in our Happy Holidays design shows a blue snowflake printed on our signature Grocery Bag paper. Perfect for holiday gift cards, this sleeve is created from 70lb. Grocery Bag stock and designed to protect the magnetic strips on the back side of gift cards, credit cards and hotel key cards. Manufactured with a double thumb cut where the end is open allowing easy access to the card inside. These seasonal envelopes can also be used to hold hand written gift notes and placed on top of holiday presents or in hanging stockings. Available in small quantities of 50 to large quantities of 50,000 and more.",,
1801-H02-50,Gift Card Sleeve Envelopes (2 3/8 x 3 1/2) - Seasons Greetings! - White - Pack of 50,"The Gift Card Sleeve aren't just for credit cards! Use them to protect magnetic strips on your credit cards, hotel key cards, business cards, college I.D. cards, etc. Credit card sleeves are an excellent way to market your business too! Choose from a variety of appealing colors and upload your artwork to have us print on them. Manufactured with a double thumb cut where the end is open allowing easy access to the information it holds.",,
1801-H01-50,Gift Card Sleeve Envelopes (2 3/8 x 3 1/2) - Merry Christmas! - White - Pack of 50,"Gift Card Sleeves aren't just for credit cards! Use them to protect magnetic strips on your credit cards, hotel key cards, business cards, college I.D. cards, etc. Credit card sleeves are an excellent way to market your business too! Choose from a variety of appealing colors and upload your artwork to have us print on them. Manufactured with a double thumb cut where the end is open allowing easy access to the information it holds.",,
LEVC-98-50,#17 Mini Gift Card Envelopes (2 11/16 x 3 11/16) - Flourish - White - Pack of 50,"#17 Mini Gift Card Envelopes (2-11/16"" x 3-11/16"") adds a unique touch to any announcement: coordinate with your favorite seating or place cards, or use with gift-cards on packages or flower arrangements; also holds several standard-sized business cards (2 x 3 1/2 dimension). Available in an assortment of shiny shades, youll be sure to find one to reflect your personal flair! Please note this envelope size is not mailable via USPS. ",,
LEVC-H01-50,#17 Mini Gift Card Envelopes (2 11/16 x 3 11/16) - Sweater Pattern - White - Pack of 50,"#17 Mini Gift Card Envelopes (2-11/16"" x 3-11/16"") adds a unique touch to any announcement: coordinate with your favorite seating or place cards, or use with gift-cards on packages or flower arrangements; also holds several standard-sized business cards (2 x 3 1/2 dimension). Available in an assortment of shiny shades, youll be sure to find one to reflect your personal flair! Please note this envelope size is not mailable via USPS. ",,
LEVC-H02-50,#17 Mini Gift Card Envelopes (2 11/16 x 3 11/16) - Silver Snowflakes - White - Pack of 50,"#17 Mini Gift Card Envelopes (2-11/16"" x 3-11/16"") adds a unique touch to any announcement: coordinate with your favorite seating or place cards, or use with gift-cards on packages or flower arrangements; also holds several standard-sized business cards (2 x 3 1/2 dimension). Available in an assortment of shiny shades, youll be sure to find one to reflect your personal flair! Please note this envelope size is not mailable via USPS. ",,
1CO-HOLI-50,#1 Coin Gift Card Envelopes (2 1/4 x 3 1/2) - Holiday Greeting - White - Pack of 50,"Use #1 Coin Gift Card Envelopes to hold holiday gift cards. These envelopes also hold small flat, bulky materials or multiple small items like coins, catalogs and jumbo cards. Flap is on the short side, helping to keep things from falling out after opening. Also called a ""catalog"" envelope, it actually comes in 39 sizes from tiny to huge, in white, traditional kraft, and array of colors for special impact. Available with moistenable flap, some with self-stick Peel & Seal?. Also see our Open Side collection. Please note this envelope size is not mailable via USPS.",,
1CO-CHALK-50,#1 Coin Gift Card Envelopes (2 1/4 x 3 1/2) - Holiday Chalkboard - White - Pack of 50,"Use #1 Coin Gift Card Envelopes to hold holiday gift cards. These envelopes also hold small flat, bulky materials or multiple small items like coins, catalogs and jumbo cards. Flap is on the short side, helping to keep things from falling out after opening. Also called a ""catalog"" envelope, it actually comes in 39 sizes from tiny to huge, in white, traditional kraft, and array of colors for special impact. Available with moistenable flap, some with self-stick Peel & Seal?. Also see our Open Side collection. Please note this envelope size is not mailable via USPS.",,
EXLEVC-18-50,#17 Mini Gift Card Envelopes (2 11/16 x 3 11/16) - Ruby Red - Pack of 50,"#17 Mini Gift Card Envelopes (2 11/16"" x 3 11/16"") in 80lb. Ruby Red are deep, rich red colored mini envelopes with a smooth finish. They feature a stylish, contour flap and are sealed by a moistenable glue. These small envelopes are perfect for holding place cards, gift cards, notes, and flower arrangement cards. They also hold several standard-size business cards (2"" x 3.5"" dimension) and #17 Mini flat or folded cards (2 9/16"" x 3 9/16""). Available plain or printed for customization, branding and creative uses, starting in small quantities of 50 to large quantities of 50,000 and more. Please note that envelopes this size are not mailable via USPS.",,
EXLEVC-26-50,#17 Mini Gift Card Envelopes (2 11/16 x 3 11/16) - Garnet - Red - Pack of 50,"#17 Mini Gift Card Envelopes (2 11/16"" x 3 11/16"") in 80lb. Garnet are deep, classic red colored mini envelopes with a smooth finish. They feature a stylish, contour flap and are sealed by a moistenable glue. These small envelopes are perfect for holding place cards, gift cards, notes, and flower arrangement cards. They also hold several standard-size business cards (2"" x 3.5"" dimension) and #17 Mini flat or folded cards (2 9/16"" x 3 9/16""). Available plain or printed for customization, branding and creative uses, starting in small quantities of 50 to large quantities of 50,000 and more. Please note that envelopes this size are not mailable via USPS.",,
LEVC-97-50,#17 Mini Gift Card Envelopes (2 11/16 x 3 11/16) - Silver Damask - Pack of 50,"#17 Mini Gift Card Envelopes (2-11/16"" x 3-11/16"") adds a unique touch to any announcement: coordinate with your favorite seating or place cards, or use with gift-cards on packages or flower arrangements; also holds several standard-sized business cards (2 x 3 1/2 dimension). Available in an assortment of shiny shades, youll be sure to find one to reflect your personal flair! Please note this envelope size is not mailable via USPS. ",,
LEVC-98-50,#17 Mini Gift Card Envelopes (2 11/16 x 3 11/16) - Flourish - White - Pack of 50,"#17 Mini Gift Card Envelopes (2-11/16"" x 3-11/16"") adds a unique touch to any announcement: coordinate with your favorite seating or place cards, or use with gift-cards on packages or flower arrangements; also holds several standard-sized business cards (2 x 3 1/2 dimension). Available in an assortment of shiny shades, youll be sure to find one to reflect your personal flair! Please note this envelope size is not mailable via USPS. ",,
LEVC-GB-50,#17 Mini Gift Card Envelopes (2 11/16 x 3 11/16) - Grocery Bag - Brown - Pack of 50,"#17 Mini Gift Card Envelopes (2 11/16"" x 3 11/16"") in 70lb. Grocery Bag are brown paper bag colored mini envelopes with a recycled texture and look. They feature a stylish, contour flap and are sealed by a moistenable glue. These small envelopes are perfect for holding place cards, gift cards, notes, and flower arrangement cards. They also hold several standard-size business cards (2"" x 3.5"" dimension) and #17 Mini flat or folded cards (2 9/16"" x 3 9/16""). Available plain or printed for customization, branding and creative uses, starting in small quantities of 50 to large quantities of 50,000 and more. Please note that envelopes this size are not mailable via USPS.",,
LEVC-GBH04-50,#17 Mini Gift Card Envelopes (2 11/16 x 3 11/16) - Happy Holidays! - Grocery Bag - Pack of 50,"#17 Mini Gift Card Envelopes (2 11/16 x 3 11/16) in our Happy Holidays! design shows classic Christmas green and red holly, printed on our signature Grocery Bag paper. These seasonal envelopes are great for hand written gift notes placed on top of holiday presents or inside hanging stockings. The #17 Mini Envelope is created from 70lb. Grocery Bag stock and can fit inside all A size invitation envelope?s. It is perfect for holiday party seating and place cards holders, holiday gift cards, credit cards or hotel key cards. Available in small quantities of 50 to large quantities of 50,000 and more. Please note this envelope size is not mailable via USPS.",,
LEVC-GBH05-50,#17 Mini Gift Card Envelopes (2 11/16 x 3 11/16) - Happy Holidays! Drawing - Grocery Bag - Pack of 50,"#17 Mini Gift Card Envelopes (2 11/16 x 3 11/16) in our Happy Holidays! Drawing design shows classic Christmas green and red holly, printed on our signature Grocery Bag paper. These seasonal envelopes are great for hand written gift notes placed on top of holiday presents or inside hanging stockings. The #17 Mini Envelope is created from 70lb. Grocery Bag stock and can fit inside all A size invitation envelope?s. It is perfect for holiday party seating and place cards holders, holiday gift cards, credit cards or hotel key cards. Available in small quantities of 50 to large quantities of 50,000 and more. Please note this envelope size is not mailable via USPS.",,
LEVC-H03-50,#17 Mini Gift Card Envelopes (2 11/16 x 3 11/16) - JOY - White - Pack of 50,"#17 Mini Gift Card Envelopes (2 11/16 x 3 11/16) in our JOY design shows a seasonal green wreath tied up with a red bow, and To: and From: text printed on classic white paper. These envelopes are great for hand written gift notes placed on top of holiday presents or inside hanging stockings. The #17 Mini Envelope is created from 70lb. White stock and can fit inside all A size invitation envelope?s. It is perfect for holiday party seating and place cards holders, holiday gift cards, credit cards or hotel key cards. Available in small quantities of 50 to large quantities of 50,000 and more. Please note this envelope size is not mailable via USPS.",,
LUXLEVC-101-50,#17 Mini Gift Card Envelopes (2 11/16 x 3 11/16) - Limelight - Green - Pack of 50,"#17 Mini Gift Card Envelopes (2 11/16"" x 3 11/16"") in 80lb. Limelight are eye-catching, bright green colored mini envelopes with a smooth finish. They feature a stylish, contour flap and are sealed by a moistenable glue. These small envelopes are perfect for holding place cards, gift cards, notes, and flower arrangement cards. They also hold several standard-size business cards (2"" x 3.5"" dimension) and #17 Mini flat or folded cards (2 9/16"" x 3 9/16""). Available plain or printed for customization, branding and creative uses, starting in small quantities of 50 to large quantities of 50,000 and more. Please note that envelopes this size are not mailable via USPS.",,
LUXLEVC-102-50,#17 Mini Gift Card Envelopes (2 11/16 x 3 11/16) - Pool - Blue - Pack of 50,"#17 Mini Gift Card Envelopes (2 11/16"" x 3 11/16"") in 80lb. Pool are bright, saturated blue colored mini envelopes with a smooth finish. They feature a stylish, contour flap and are sealed by a moistenable glue. These small envelopes are perfect for holding place cards, gift cards, notes, and flower arrangement cards. They also hold several standard-size business cards (2"" x 3.5"" dimension) and #17 Mini flat or folded cards (2 9/16"" x 3 9/16""). Available plain or printed for customization, branding and creative uses, starting in small quantities of 50 to large quantities of 50,000 and more. Please note that envelopes this size are not mailable via USPS.",,
LUXLEVC-103-50,#17 Mini Gift Card Envelopes (2 11/16 x 3 11/16) - Navy - Blue - Pack of 50,"#17 Mini Gift Card Envelopes (2 11/16"" x 3 11/16"") in 80lb. Navy are classic, dark blue colored mini envelopes with a smooth finish. They feature a stylish, contour flap and are sealed by a moistenable glue. These small envelopes are perfect for holding place cards, gift cards, notes, and flower arrangement cards. They also hold several standard-size business cards (2"" x 3.5"" dimension) and #17 Mini flat or folded cards (2 9/16"" x 3 9/16""). Available plain or printed for customization, branding and creative uses, starting in small quantities of 50 to large quantities of 50,000 and more. Please note that envelopes this size are not mailable via USPS.",,
LUXLEVC-104-50,#17 Mini Gift Card Envelopes (2 11/16 x 3 11/16) - Vintage Plum - Purple - Pack of 50,"#17 Mini Gift Card Envelopes (2 11/16"" x 3 11/16"") in 80lb. Vintage Plum are deep, classic purple colored mini envelopes with a smooth finish. They feature a stylish, contour flap and are sealed by a moistenable glue. These small envelopes are perfect for holding place cards, gift cards, notes, and flower arrangement cards. They also hold several standard-size business cards (2"" x 3.5"" dimension) and #17 Mini flat or folded cards (2 9/16"" x 3 9/16""). Available plain or printed for customization, branding and creative uses, starting in small quantities of 50 to large quantities of 50,000 and more. Please note that envelopes this size are not mailable via USPS.",,
LUXLEVC-106-50,#17 Mini Gift Card Envelopes (2 11/16 x 3 11/16) - Wisteria - Purple - Pack of 50,"#17 Mini Gift Card Envelopes (2 11/16"" x 3 11/16"") in 80lb. Wisteria are rich, medium purple colored mini envelopes with a smooth finish. They feature a stylish, contour flap and are sealed by a moistenable glue. These small envelopes are perfect for holding place cards, gift cards, notes, and flower arrangement cards. They also hold several standard-size business cards (2"" x 3.5"" dimension) and #17 Mini flat or folded cards (2 9/16"" x 3 9/16""). Available plain or printed for customization, branding and creative uses, starting in small quantities of 50 to large quantities of 50,000 and more. Please note that envelopes this size are not mailable via USPS.",,
LUXLEVC-112-50,#17 Mini Gift Card Envelopes (2 11/16 x 3 11/16) - Tangerine - Orange - Pack of 50,"#17 Mini Gift Card Envelopes (2 11/16"" x 3 11/16"") in 80lb. Tangerine are bold, saturated orange colored mini envelopes with a smooth finish. They feature a stylish, contour flap and are sealed by a moistenable glue. These small envelopes are perfect for holding place cards, gift cards, notes, and flower arrangement cards. They also hold several standard-size business cards (2"" x 3.5"" dimension) and #17 Mini flat or folded cards (2 9/16"" x 3 9/16""). Available plain or printed for customization, branding and creative uses, starting in small quantities of 50 to large quantities of 50,000 and more. Please note that envelopes this size are not mailable via USPS.",,
LUXLEVC-113-50,#17 Mini Gift Card Envelopes (2 11/16 x 3 11/16) - Seafoam - Teal - Pack of 50,"#17 Mini Gift Card Envelopes (2 11/16"" x 3 11/16"") in 80lb. Seafoamare light, blue-green colored mini envelopes with a smooth finish.They feature a stylish, contour flap and are sealed by a moistenable glue. These small envelopes are perfect for holding place cards, gift cards, notes, andflower arrangement cards. They also holdseveral standard-sizebusiness cards (2? x 3 ? dimension) and #17 Mini flat or folded cards (2 9/16"" x 3 9/16""). Available plain or printed for customization, branding and creative uses, starting in small quantities of 50 to large quantities of 50,000 and more. Please note that envelopes this size are not mailable via USPS.",,
MINSDG-50,#17 Mini Gift Card Envelopes (2 11/16 x 3 11/16) - Gold Metallic - Pack of 50,"#17 Mini Gift Card Envelopes (2 11/16"" x 3 11/16"") in 80lb. Gold Metallic are shimmery, rich gold colored mini envelopes with a smooth finish. They feature an elegant, deep plunging pointed flap, peaked with a slight curve at the tip. These small envelopes are perfect for holding place cards, gift cards, notes, and flower arrangement cards. They also hold several standard-size business cards (2"" x 3.5"" dimension) and #17 Mini flat or folded cards (2 9/16"" x 3 9/16""). Available plain or printed for customization, branding and creative uses, starting in small quantities of 50 to large quantities of 50,000 and more. Please note that envelopes this size are not mailable via USPS.",,
MINSDS-50,#17 Mini Gift Card Envelopes (2 11/16 x 3 11/16) - Silver Metallic - Pack of 50,"#17 Mini Gift Card Envelopes (2 11/16"" x 3 11/16"") in 80lb. Silver Metallic are shimmery, bright silver colored mini envelopes with a smooth finish. They feature an elegant, deep plunging pointed flap, peaked with a slight curve at the tip. These small envelopes are perfect for holding place cards, gift cards, notes, and flower arrangement cards. They also hold several standard-size business cards (2"" x 3.5"" dimension) and #17 Mini flat or folded cards (2 9/16"" x 3 9/16""). Available plain or printed for customization, branding and creative uses, starting in small quantities of 50 to large quantities of 50,000 and more. Please note that envelopes this size are not mailable via USPS.",,
LUXLEVC-17-50,#17 Mini Gift Card Envelopes (2 11/16 x 3 11/16) - Holiday Green - Pack of 50,"#17 Mini Gift Card Envelopes (2 11/16"" x 3 11/16"") in 80lb. Holiday Green are a cheerful, classic green colored mini envelopes with a smooth finish. They feature a stylish, contour flap and are sealed by a moistenable glue. These small envelopes are perfect for holding place cards, gift cards, notes, and flower arrangement cards. They also hold several standard-size business cards (2"" x 3.5"" dimension) and #17 Mini flat or folded cards (2 9/16"" x 3 9/16""). Available plain or printed for customization, branding and creative uses, starting in small quantities of 50 to large quantities of 50,000 and more. Please note that envelopes this size are not mailable via USPS.",,
7487-W2-50,W-2 Envelopes (5 5/8 x 9) - Tax Form Envelopes - 24lb. White w/ Security Tint - Pack of 50,,W-2 Envelopes,
WS-7484-50,Tax Form #3 Envelopes (3 15/16 x 8 1/4) - 24lb. White w/ Sec Tint - Pack of 50,,W-2 Envelopes,
WS-7494-50,Tax Form #4 Envelopes (3 7/8 x 8 5/8) - 24lb. White w/ Sec Tint - Pack of 50,,W-2 Envelopes,
7486-W2-50,1099R and 1099 MISC Envelopes (5 3/4 x 8 7/8) - Tax Form Envelopes - 24lb. White w/ Security Tint - Pack of 50,,W-2 Envelopes,
7485-W2-50,W-2 Envelopes (5 3/4 x 9 1/4) - Tax Form Envelopes - 24lb. White w/ Security Tint - Pack of 50,,W-2 Envelopes,
WS-7496-50,Tax Form #5 Envelopes (3 13/16 x 7 13/16) - 24lb. White w/ Sec Tint - Pack of 50,,W-2 Envelopes,
7489-W2-50,W-2 Envelopes (5 3/4 x 8) - Tax Form Envelopes - 24lb. White w/ Security Tint - Pack of 50,,W-2 Envelopes,
ND-43687-50,#10 Regular Envelopes (4 1/8 x 9 1/2) - 24lb. Bright White - Pack of 50,,,
ND-43703-50,#10 Window Envelopes (4 1/8 x 9 1/2) - 24lb. Bright White - Pack of 50,,,
ND-4860-70W-50,#10 Envelopes (4 1/8 x 9 1/2) - 70lb. Bright White - Pack of 50,,,
ND-WS-3322-50,#10 Window Envelopes (4 1/8 x 9 1/2) - 24lb. White w/ FDIC Security Tint - Pack of 50,,,
LUX-4894-102-50,Blue 9 x 12 Open End Envelopes _ Pool _ Pack of 50,,,
LUX614GF-11-10,Orange 6 1/4 x 6 1/4 Gatefold Invitation _ Mandarin - Pack of 10,,,
4044d,Custom Printed Thank You Card - Open House - Pack of 50,,,
8510-07-50,Gold Metallic Envelopes - 5 1/4 x 5 1/4 Square - Pack of 50,,,
4072d,Custom Printed - Notecard Circled Script Bottom Corner - Pack of 50,,,
11503c,Custom Printed #10 Window Envelopes - Return Address on Back Flap - Pack of 50,"Custom printed #10 Window Envelopes with a Return Address on the back flap are the most professional way to mail checks, invoices, letterheads, personal letters, statements, and direct mail. Made from 24lb. Bright White paper stock, these standard weight envelopes are great for everyday business uses. Never spend time individually addressing letters, invoices or statements again - just position the address on a document to show through the envelope window and place them in the mail. These top quality envelopes are sealed by a moistenable glue located on the inside of the back flap. #10 Window Envelopes are available both plain and custom printed for company branding and creative uses, starting in small quantities of 50 to large quantities of 50,000 and more.",,https://www.envelopes.com/images/products/detail/11503c_printed_template.jpg?ts=10239123
11503a,Custom Printed #10 Window Envelopes - Return Address - Pack of 50,"Custom printed #10 Window Envelopes with a Return Address are the most professional way to mail checks, invoices, letterheads, personal letters, statements, and direct mail. Made from 24lb. Bright White paper stock, these standard weight envelopes are great for everyday business uses. Never spend time individually addressing letters, invoices or statements again - just position the address on a document to show through the envelope window and place them in the mail. These top quality envelopes are sealed by a moistenable glue located on the inside of the back flap. #10 Window Envelopes are available both plain and custom printed for company branding and creative uses, starting in small quantities of 50 to large quantities of 50,000 and more.",,https://www.envelopes.com/images/products/detail/11503a_printed_template.jpg?ts=10239123
11501a,Printed #10 Regular Envelopes - Custom w/ Return Address,"Custom printed #10 Regular Envelopes with a Return Address are the most professional way to mail checks, invoices, letterheads, personal letters, statements, and direct mail. Made from 24lb. Bright White paper stock, these standard weight envelopes are great for everyday business uses. These top quality envelopes are sealed by a moistenable glue located on the inside of the back flap. #10 Window Envelopes are available both plain and custom printed for company branding and creative uses, starting in small quantities of 50 to large quantities of 50,000 and more.",,https://www.envelopes.com/images/products/detail/11501a_printed_template.jpg?ts=10239123
11501b,Printed #10 Regular Envelopes - Custom w/ Reply Address,"Custom printed #10 Regular Envelopes with a Reply Address  are the most professional way to mail checks, invoices, letterheads, personal letters, statements, and direct mail. Made from 24lb. Bright White paper stock, these standard weight envelopes are great for everyday business uses. Pre-printed with your reply address, you can include these envelopes inside of a larger envelope so clients and custoemers can mail items back to you. These top quality envelopes are sealed by a moistenable glue located on the inside of the back flap. #10 Window Envelopes are available both plain and custom printed for company branding and creative uses, starting in small quantities of 50 to large quantities of 50,000 and more.",,https://www.envelopes.com/images/products/detail/11501b_printed_template.jpg?ts=10239123
11501c,Printed #10 Regular Envelopes - Custom w/ Back Flap Return Address,"Custom printed #10 Regular Envelopes with a Return Address on the back flap are the most professional way to mail checks, invoices, letterheads, personal letters, statements, and direct mail. Made from 24lb. Bright White paper stock, these standard weight envelopes are great for everyday business uses. These top quality envelopes are sealed by a moistenable glue located on the inside of the back flap. #10 Window Envelopes are available both plain and custom printed for company branding and creative uses, starting in small quantities of 50 to large quantities of 50,000 and more.",,https://www.envelopes.com/images/products/detail/11501c_printed_template.jpg?ts=10239123
11502c,Custom Printed #10 Envelopes - Return Address on Back Flap - Custom Printed - Pack of 50,"Custom printed #10 Envelopes with a Return Address on the back flap are the most professional way to mail checks, invoices, letterheads, personal letters, statements, and direct mail. These 70lb. Bright White envelopes are made of quality paper and perfect Seal by moistenable glue along square flap. #10 Window Envelopes are available both plain and custom printed for company branding and creative uses, starting in small quantities of 50 to large quantities of 50,000 and more.",,https://www.envelopes.com/images/products/detail/11502c_printed_template.jpg?ts=10239123
11504c,Custom Printed A7 Envelopes - Return Address on Back Flap - Pack of 50,"Custom printed A7 Envelopes with a Return Address on the back flap are perfect for invitations, announcements, mailings, holding 5"" x 7"" photos and more. A7 Envelopes (5 1/4"" x 7 1/4"") in 24lb. Bright White are a versatile, light-weight, square flap envelope with a smooth finish. The A7 envelope size is the perfect invitation envelope and also great for mailings, holding 5"" x 7"" photos, invitations, announcements and more. A7 Envelopes are commonly called 5x7 Envelopes because they are the best envelope for 5 x 7 cards. This size invitation envelope also fits smaller A Sizes inside (A1, A2, A4, A6) as part of an invitation suite. Sealed by the moistenable glue strip on the back flap. Available both plain and printed for customization, branding and creative uses, starting in small quantities of 50 to large quantities of 50,000 and more.",,https://www.envelopes.com/images/products/detail/11504c_printed_template.jpg?ts=10239123
11504a,Custom Printed A7 Envelopes - Return Address - Pack of 50,"Custom Printed Remittance envelopes in our Make a Difference Design are a special kind of reply envelope used in fundraising, money collection, charity donations, it has an inner pocket to hold cash or a check, and if printed, the envelope itself it can double as an order form. There's also a two-way version -- with a removable perforated piece the recipient inserts before mailing. 3 sizes available in white and colors, printed or plain.",,https://www.envelopes.com/images/products/detail/11504a_printed_template.jpg?ts=10239123
3009a,Make a Difference - Custom Printed Remittance Envelope - Pack of 500,"Custom Printed Remittance envelopes in our Make a Difference Design are a special kind of reply envelope used in fundraising, money collection, charity donations, it has an inner pocket to hold cash or a check, and if printed, the envelope itself it can double as an order form. There's also a two-way version -- with a removable perforated piece the recipient inserts before mailing. 3 sizes available in white and colors, printed or plain.",,https://www.envelopes.com/images/products/detail/3009a_printed_template.jpg?ts=10239123
3020a,Keep the Faith - Custom Printed Remittance Envelope - Pack of 500,"Custom Printed Remittance envelopes in our Keep the Faith design are a special kind of reply envelope used in fundraising, money collection, charity donations, it has an inner pocket to hold cash or a check, and if printed, the envelope itself it can double as an order form. There's also a two-way version -- with a removable perforated piece the recipient inserts before mailing. 3 sizes available in white and colors, printed or plain.",,https://www.envelopes.com/images/products/detail/3020a_printed_template.jpg?ts=10239123
7008b,One and Only You - Custom Printed A7 Envelope - Pack of 50,"Custom printed A7 Envelopes with you and your spouse's name are perfect for invitations, announcements, mailings, holding 5"" x 7"" photos and more. A7 Envelopes (5 1/4"" x 7 1/4"") in 24lb. Bright White are a versatile, light-weight, square flap envelope with a smooth finish. The A7 envelope size is the perfect invitation envelope and also great for mailings, holding 5"" x 7"" photos, invitations, announcements and more. A7 Envelopes are commonly called 5x7 Envelopes because they are the best envelope for 5 x 7 cards. This size invitation envelope also fits smaller A Sizes inside (A1, A2, A4, A6) as part of an invitation suite. Sealed by the moistenable glue strip on the back flap. Available both plain and printed for customization, branding and creative uses, starting in small quantities of 50 to large quantities of 50,000 and more.",,https://www.envelopes.com/images/products/detail/7008b_printed_template.jpg?ts=10239123
